<?xml version="1.0" encoding="UTF-8"?>
<ms:componentMetadataRecord xsi:schemaLocation="http://www.meta-share.org/OMTD-SHARE_XMLSchema http://www.meta-share.org/OMTD-SHARE_XMLSchema/v302/OMTD-SHARE-Component.xsd" xmlns:ms="http://www.meta-share.org/OMTD-SHARE_XMLSchema" xmlns:xsi="http://www.w3.org/2001/XMLSchema-instance">
	<ms:componentInfo>
		<ms:resourceType>component</ms:resourceType>
		<ms:identificationInfo>
			<ms:resourceNames>
				<ms:resourceName lang="en-us">OpenAIRE data citation extractor for PDFs</ms:resourceName>
			</ms:resourceNames>
			<ms:descriptions>
				<ms:description lang="en-us">A workflow based on the OpenAIRE Data citation extractor, an executable tool that extracts from texts citations of other resources (datasets, tools, etc.) and returns information based on their identifiers</ms:description>
			</ms:descriptions>
			<ms:resourceIdentifiers>
				<ms:resourceIdentifier resourceIdentifierSchemeName="other">DemoWF2Datacite</ms:resourceIdentifier>
			</ms:resourceIdentifiers>
			<ms:public>false</ms:public>
		</ms:identificationInfo>
		<ms:versionInfo>
			<ms:version>1.0.0</ms:version>
		</ms:versionInfo>
		<ms:contactInfo>
			<ms:contactPoint>galanisd@ilsp.gr</ms:contactPoint>
			<ms:contactType>contactEmail</ms:contactType>
			<ms:contactPersons>
				<ms:contactPerson>
					<ms:surname>Galanis</ms:surname>
					<ms:givenName>Dimitris</ms:givenName>
					<ms:communicationInfo>
						<ms:emails>
							<ms:email>galanisd@ilsp.gr</ms:email>
						</ms:emails>
					</ms:communicationInfo>
					<ms:affiliation>
						<ms:position>Researcher</ms:position>
						<ms:affiliatedOrganization>
							<ms:organizationNames>
								<ms:organizationName lang="en">Athena Research Center</ms:organizationName>
							</ms:organizationNames>
							<ms:departmentNames>
								<ms:departmentName lang="en">Institute for Language and Speech Processing</ms:departmentName>
							</ms:departmentNames>
						</ms:affiliatedOrganization>
					</ms:affiliation>
				</ms:contactPerson>
			</ms:contactPersons>
		</ms:contactInfo>
		<ms:resourceCreationInfo>
			<ms:resourceCreators>
				<ms:resourceCreator>
					<ms:actorType>person</ms:actorType>
					<ms:relatedPerson>
						<ms:surname>Galanis</ms:surname>
						<ms:givenName>Dimitris</ms:givenName>
						<ms:communicationInfo>
							<ms:emails>
								<ms:email>galanisd@ilsp.gr</ms:email>
							</ms:emails>
						</ms:communicationInfo>
						<ms:affiliation>
							<ms:position>Researcher</ms:position>
							<ms:affiliatedOrganization>
								<ms:organizationNames>
									<ms:organizationName lang="en">Athena Research Center</ms:organizationName>
								</ms:organizationNames>
								<ms:departmentNames>
									<ms:departmentName lang="en">Institute for Language and Speech Processing</ms:departmentName>
								</ms:departmentNames>
							</ms:affiliatedOrganization>
						</ms:affiliation>
					</ms:relatedPerson>
				</ms:resourceCreator>
			</ms:resourceCreators>
			<ms:creationDate>
				<ms:date>
					<ms:day>07</ms:day>
					<ms:month>06</ms:month>
					<ms:year>2017</ms:year>
				</ms:date>
			</ms:creationDate>
		</ms:resourceCreationInfo>
		<ms:validationInfos>
			<ms:validationInfo>
				<ms:validated>true</ms:validated>
				<ms:validationMode>interactive</ms:validationMode>
				<ms:validationModeDetails>test validation</ms:validationModeDetails>
				<ms:validationExtentDetails>with demo dataset 1</ms:validationExtentDetails>
			</ms:validationInfo>
		</ms:validationInfos>
		<ms:application>true</ms:application>
		<ms:functionInfo>
			<ms:function>http://w3id.org/meta-share/omtd-share/ExtractionOfDomainSpecificInformation</ms:function>
			<ms:functionOther>extraction of dataset citations</ms:functionOther>
		</ms:functionInfo>
		<ms:distributionInfos>
			<ms:componentDistributionInfo>
				<ms:componentDistributionForm>galaxyWorkflow</ms:componentDistributionForm>
				<ms:distributionLocation>www.openminted.eu</ms:distributionLocation>
			</ms:componentDistributionInfo>
		</ms:distributionInfos>
		<ms:rightsInfo>
			<ms:licenceInfos>
				<ms:licenceInfo>
					<ms:licence>Apache-2.0</ms:licence>
				</ms:licenceInfo>
			</ms:licenceInfos>
			<ms:rightsStatement>openAccess</ms:rightsStatement>
			<ms:attributionText>OpenAIRE data citation extractor for PDFs licensed under Apache Licence 2.0</ms:attributionText>
		</ms:rightsInfo>
		<ms:inputContentResourceInfo>
			<ms:processingResourceType>corpus</ms:processingResourceType>
			<ms:dataFormats>
				<ms:dataFormatInfo>
					<ms:dataFormat>http://w3id.org/meta-share/omtd-share/Pdf</ms:dataFormat>
				</ms:dataFormatInfo>
			</ms:dataFormats>
			<ms:characterEncodings>
				<ms:characterEncoding>UTF-8</ms:characterEncoding>
			</ms:characterEncodings>
		</ms:inputContentResourceInfo>
		<ms:outputResourceInfo>
			<ms:processingResourceType>corpus</ms:processingResourceType>
			<ms:dataFormats>
				<ms:dataFormatInfo>
					<ms:dataFormat>http://w3id.org/meta-share/omtd-share/Json_ld</ms:dataFormat>
				</ms:dataFormatInfo>
			</ms:dataFormats>
			<ms:characterEncodings>
				<ms:characterEncoding>UTF-8</ms:characterEncoding>
			</ms:characterEncodings>
			<ms:annotationTypes>
				<ms:annotationTypeInfo>
					<ms:annotationType>http://w3id.org/meta-share/omtd-share/Citation</ms:annotationType>
				</ms:annotationTypeInfo>
			</ms:annotationTypes>
		</ms:outputResourceInfo>
		<ms:componentCreationInfo>
			<ms:framework>Galaxy</ms:framework>
		</ms:componentCreationInfo>
		<ms:relations>
			<ms:relationInfo>
				<ms:relationType>hasPart</ms:relationType>
				<ms:relatedResource>
					<ms:resourceNames>
						<ms:resourceName>PDF2XMI</ms:resourceName>
					</ms:resourceNames>
				</ms:relatedResource>
			</ms:relationInfo>
			<ms:relationInfo>
				<ms:relationType>hasPart</ms:relationType>
				<ms:relatedResource>
					<ms:resourceNames>
						<ms:resourceName>OpenAIRE data citation extractor</ms:resourceName>
					</ms:resourceNames>
				</ms:relatedResource>
			</ms:relationInfo>
		</ms:relations>
		<ms:componentEvaluationInfo>
			<ms:evaluated>false</ms:evaluated>
		</ms:componentEvaluationInfo>
	</ms:componentInfo>
</ms:componentMetadataRecord>
