<ms:lcrMetadataRecord xmlns:ms="http://www.meta-share.org/OMTD-SHARE_XMLSchema" xmlns:xsi="http://www.w3.org/2001/XMLSchema-instance" xsi:schemaLocation="http://www.meta-share.org/OMTD-SHARE_XMLSchema http://www.meta-share.org/OMTD-SHARE_XMLSchema/v200/OMTD-SHARE-LexicalConceptualResource.xsd">
  <ms:metadataHeaderInfo>
    <ms:metadataRecordIdentifier metadataIdentifierSchemeName="URN">md_id</ms:metadataRecordIdentifier>
    <ms:metadataCreationDate>2017-09-26</ms:metadataCreationDate>
    <ms:metadataCreators>
      <ms:metadataCreator>
        <ms:names>
          <ms:name>Jiakang Chang</ms:name>
        </ms:names>
        <ms:communicationInfo>
          <ms:emails>
            <ms:email>jkchang@ebi.ac.uk</ms:email>
          </ms:emails>
        </ms:communicationInfo>
      </ms:metadataCreator>
      <ms:metadataCreator>
        <ms:names>
          <ms:name>Gareth Owen</ms:name>
        </ms:names>
        <ms:communicationInfo>
          <ms:emails>
            <ms:email>gowen@ebi.ac.uk</ms:email>
          </ms:emails>
        </ms:communicationInfo>
      </ms:metadataCreator>
    </ms:metadataCreators>
  </ms:metadataHeaderInfo>
  <ms:lexicalConceptualResourceInfo>
    <ms:resourceType>lexicalConceptualResource</ms:resourceType>
    <ms:identificationInfo>
      <ms:resourceNames>
        <ms:resourceName lang="en">National Center for Biotechnology Information taxonomy</ms:resourceName>
      </ms:resourceNames>
      <ms:descriptions>
        <ms:description lang="en">A curated classification and nomenclature for all of the organisms in the public sequence databases. (This currently represents about 10% of the described species of life on the planet.)</ms:description>
      </ms:descriptions>
      <ms:resourceShortNames>
        <ms:resourceShortName lang="en">NCBI taxonomy</ms:resourceShortName>
      </ms:resourceShortNames>
      <ms:resourceIdentifiers>
        <ms:resourceIdentifier resourceIdentifierSchemeName="other" ms:schemeURI="https://www.ebi.ac.uk/miriam/">MIR:00000006</ms:resourceIdentifier>
      </ms:resourceIdentifiers>
      <ms:public>true</ms:public>
    </ms:identificationInfo>
    <ms:contactInfo>
      <ms:landingPage>https://www.ncbi.nlm.nih.gov/taxonomy</ms:landingPage>
    </ms:contactInfo>
    <ms:versionInfo>
      <ms:version>1.0.0</ms:version>
    </ms:versionInfo>
    <ms:distributionInfos>
      <ms:datasetDistributionInfo>
        <ms:distributionLoc>
          <ms:distributionMedium>webExecutable</ms:distributionMedium>
          <ms:distributionLocation>ftp://ftp.ncbi.nih.gov/pub/taxonomy</ms:distributionLocation>
        </ms:distributionLoc>
        <ms:textFormats>
          <ms:textFormatInfo>
            <ms:dataFormatInfo>
              <ms:dataFormat>application/xml</ms:dataFormat>
            </ms:dataFormatInfo>
          </ms:textFormatInfo>
          <ms:textFormatInfo>
            <ms:dataFormatInfo>
              <ms:dataFormat>text/html</ms:dataFormat>
            </ms:dataFormatInfo>
          </ms:textFormatInfo>
          <ms:textFormatInfo>
            <ms:dataFormatInfo>
              <ms:dataFormat>application/pdf</ms:dataFormat>
            </ms:dataFormatInfo>
          </ms:textFormatInfo>
        </ms:textFormats>
        <ms:rightsInfo>
          <ms:licenceInfos>
            <ms:licenceInfo>
              <ms:licence>NLM</ms:licence>
            </ms:licenceInfo>
          </ms:licenceInfos>
        </ms:rightsInfo>
      </ms:datasetDistributionInfo>
    </ms:distributionInfos>
    <ms:resourceDocumentationInfo>
      <ms:citations>
        <ms:mustBeCitedWith>
          <ms:publicationIdentifiers>
            <ms:publicationIdentifier publicationIdentifierSchemeName="PMID">PMID:18940862</ms:publicationIdentifier>
            <ms:publicationIdentifier publicationIdentifierSchemeName="PMID">PMID:18940867</ms:publicationIdentifier>
          </ms:publicationIdentifiers>
        </ms:mustBeCitedWith>
      </ms:citations>
    </ms:resourceDocumentationInfo>
    <ms:lexicalConceptualResourceType>terminologicalResource</ms:lexicalConceptualResourceType>
    <ms:lexicalConceptualResourceEncodingInfo>
      <ms:contentTypes>semantics-Relations-Synonyms</ms:contentTypes>
      <ms:contentTypes>semantics-Relations</ms:contentTypes>
      <ms:contentTypes>semantics-Relations-Hyponyms</ms:contentTypes>
      <ms:contentTypes>semantics-Relations-Hyperonyms</ms:contentTypes>
      <ms:contentTypes>lemma-Abbreviations</ms:contentTypes>
      <ms:contentTypes>lemma-Compounds</ms:contentTypes>
    </ms:lexicalConceptualResourceEncodingInfo>
    <ms:lexicalConceptualResourceMediaType>
      <ms:lexicalConceptualResourceTextInfo>
        <ms:mediaType>text</ms:mediaType>
        <ms:lingualityInfo>
          <ms:lingualityType>monolingual</ms:lingualityType>
        </ms:lingualityInfo>
        <ms:languages>
          <ms:languageInfo>
            <ms:language>
              <ms:languageTag>en-US</ms:languageTag>
              <ms:languageId>enu</ms:languageId>
            </ms:language>
          </ms:languageInfo>
        </ms:languages>
        <ms:metalanguages>
          <ms:metalanguageInfo>
            <ms:language>
              <ms:languageTag>en</ms:languageTag>
              <ms:languageId>en</ms:languageId>
            </ms:language>
          </ms:metalanguageInfo>
        </ms:metalanguages>
        <ms:sizes>
          <ms:sizeInfo>
            <ms:size>536,324</ms:size>
            <ms:sizeUnit>terms</ms:sizeUnit>
          </ms:sizeInfo>
        </ms:sizes>
      </ms:lexicalConceptualResourceTextInfo>
    </ms:lexicalConceptualResourceMediaType>
  </ms:lexicalConceptualResourceInfo>
</ms:lcrMetadataRecord>
