<ms:lcrMetadataRecord xmlns:ms="http://www.meta-share.org/OMTD-SHARE_XMLSchema" xmlns:xsi="http://www.w3.org/2001/XMLSchema-instance" xsi:schemaLocation="http://www.meta-share.org/OMTD-SHARE_XMLSchema http://www.meta-share.org/OMTD-SHARE_XMLSchema/v200/OMTD-SHARE-LexicalConceptualResource.xsd">
  <ms:metadataHeaderInfo>
    <ms:metadataRecordIdentifier metadataIdentifierSchemeName="URN">md_id</ms:metadataRecordIdentifier>
    <ms:metadataCreationDate>2017-09-26</ms:metadataCreationDate>
    <ms:metadataCreators>
      <ms:metadataCreator>
        <ms:names>
          <ms:name>Sophie Aubin</ms:name>
        </ms:names>
        <ms:sex>female</ms:sex>
        <ms:communicationInfo>
          <ms:emails>
            <ms:email>sophie.aubin@inra.fr</ms:email>
          </ms:emails>
        </ms:communicationInfo>
      </ms:metadataCreator>
    </ms:metadataCreators>
  </ms:metadataHeaderInfo>
  <ms:lexicalConceptualResourceInfo>
    <ms:resourceType>lexicalConceptualResource</ms:resourceType>
    <ms:identificationInfo>
      <ms:resourceNames>
        <ms:resourceName lang="en">Ontobiotope</ms:resourceName>
      </ms:resourceNames>
      <ms:descriptions>
        <ms:description lang="en">OntoBiotope is an ontology of microorganism habitats. Its modeling principle and its lexicon reflect the biotope classification used by biologists to describe microorganism isolation sites (e.g. GenBank, GOLD, ATCC). OntoBiotope is developed and maintained by the Meta-omics of Microbial Ecosystems (MEM) network in which 30 microbiologists from INRA (French National Institute for Agricultural Research) from all fields of applied microbiology participate. The relevance of OntoBiotope terms is evaluated through the PubMedBiotope semantic search engine. It identifies and categorizes microbial biotopes in all PubMed abstracts by applying the ToMap method (Text to Ontology Mapping) to the OntoBiotope ontology. It also indexes 3,35 millions relations between taxa and their habitats.</ms:description>
      </ms:descriptions>
      <ms:resourceShortNames>
        <ms:resourceShortName lang="en">Ontobiotope</ms:resourceShortName>
      </ms:resourceShortNames>
      <ms:resourceIdentifiers>
        <ms:resourceIdentifier resourceIdentifierSchemeName="DOI">10.15454/1.4382640528105164E12</ms:resourceIdentifier>
      </ms:resourceIdentifiers>
      <ms:public>true</ms:public>
    </ms:identificationInfo>
    <ms:contactInfo>
		<ms:contactPersons>
        <ms:contactPerson>
          <ms:names>
            <ms:name>Claire Nedellec</ms:name>
          </ms:names>
          <ms:communicationInfo>
            <ms:emails>
              <ms:email>claire.nedellec@jouy.inra.fr</ms:email>
            </ms:emails>
          </ms:communicationInfo>
        </ms:contactPerson>
      </ms:contactPersons>
    </ms:contactInfo>
    <ms:versionInfo>
      <ms:version>1.2.0</ms:version>
    </ms:versionInfo>
    <ms:distributionInfos>
      <ms:datasetDistributionInfo>
        <ms:distributionLoc>
          <ms:distributionMedium>downloadable</ms:distributionMedium>
          <ms:distributionLocation>http://data.agroportal.lirmm.fr/ontologies/ONTOBIOTOPE/submissions/2/download?apikey=1de0a270-29c5-4dda-b043-7c3580628cd5</ms:distributionLocation>
        </ms:distributionLoc>
        <ms:textFormats>
          <ms:textFormatInfo>
            <ms:dataFormatInfo>
              <ms:dataFormat>text/plain</ms:dataFormat>
            </ms:dataFormatInfo>
          </ms:textFormatInfo>
        </ms:textFormats>
        <ms:rightsInfo>
          <ms:licenceInfos>
            <ms:licenceInfo>
              <ms:licence>CC-BY-SA-4.0</ms:licence>
            </ms:licenceInfo>
          </ms:licenceInfos>
        </ms:rightsInfo>
      </ms:datasetDistributionInfo>
      <ms:datasetDistributionInfo>
        <ms:distributionLoc>
          <ms:distributionMedium>downloadable</ms:distributionMedium>
          <ms:distributionLocation>http://data.agroportal.lirmm.fr/ontologies/ONTOBIOTOPE/download?apikey=1de0a270-29c5-4dda-b043-7c3580628cd5&amp;download_format=csv</ms:distributionLocation>
        </ms:distributionLoc>
        <ms:textFormats>
          <ms:textFormatInfo>
            <ms:dataFormatInfo>
              <ms:dataFormat>text/csv</ms:dataFormat>
            </ms:dataFormatInfo>
          </ms:textFormatInfo>
        </ms:textFormats>
        <ms:rightsInfo>
          <ms:licenceInfos>
            <ms:licenceInfo>
              <ms:licence>CC-BY-SA-4.0</ms:licence>
            </ms:licenceInfo>
          </ms:licenceInfos>
        </ms:rightsInfo>
      </ms:datasetDistributionInfo>
      <ms:datasetDistributionInfo>
        <ms:distributionLoc>
          <ms:distributionMedium>downloadable</ms:distributionMedium>
          <ms:distributionLocation>http://data.agroportal.lirmm.fr/ontologies/ONTOBIOTOPE/download?apikey=1de0a270-29c5-4dda-b043-7c3580628cd5&amp;download_format=rdf</ms:distributionLocation>
        </ms:distributionLoc>
        <ms:textFormats>
          <ms:textFormatInfo>
            <ms:dataFormatInfo>
              <ms:dataFormat>application/rdf+xml</ms:dataFormat>
            </ms:dataFormatInfo>
          </ms:textFormatInfo>
        </ms:textFormats>
        <ms:rightsInfo>
          <ms:licenceInfos>
            <ms:licenceInfo>
              <ms:licence>CC-BY-SA-4.0</ms:licence>
            </ms:licenceInfo>
          </ms:licenceInfos>
        </ms:rightsInfo>
      </ms:datasetDistributionInfo>
    </ms:distributionInfos>
    <ms:resourceDocumentationInfo>
      <ms:citations>
        <ms:mustBeCitedWith>
          <ms:publicationIdentifiers>
            <ms:publicationIdentifier publicationIdentifierSchemeName="DOI">10.1186/1471-2105-16-S10-S1</ms:publicationIdentifier>
          </ms:publicationIdentifiers>
        </ms:mustBeCitedWith>
      </ms:citations>
    </ms:resourceDocumentationInfo>
    <ms:lexicalConceptualResourceType>ontology</ms:lexicalConceptualResourceType>
    <ms:lexicalConceptualResourceEncodingInfo>
      <ms:contentTypes>lemma</ms:contentTypes>
      <ms:contentTypes>semantics-Relations-Synonyms</ms:contentTypes>
      <ms:contentTypes>semantics-Relations-Hyponyms</ms:contentTypes>
      <ms:contentTypes>semantics-Relations-Hyperonyms</ms:contentTypes>
    </ms:lexicalConceptualResourceEncodingInfo>
    <ms:lexicalConceptualResourceMediaType>
      <ms:lexicalConceptualResourceTextInfo>
        <ms:mediaType>text</ms:mediaType>
        <ms:lingualityInfo>
          <ms:lingualityType>monolingual</ms:lingualityType>
        </ms:lingualityInfo>
        <ms:languages>
          <ms:languageInfo>
            <ms:language>
              <ms:languageTag>en-US</ms:languageTag>
              <ms:languageId>enu</ms:languageId>
            </ms:language>
          </ms:languageInfo>
        </ms:languages>
        <ms:metalanguages>
          <ms:metalanguageInfo>
            <ms:language>
              <ms:languageTag>en</ms:languageTag>
              <ms:languageId>en</ms:languageId>
            </ms:language>
          </ms:metalanguageInfo>
        </ms:metalanguages>
        <ms:sizes>
          <ms:sizeInfo>
            <ms:size>2320</ms:size>
            <ms:sizeUnit>concepts</ms:sizeUnit>
          </ms:sizeInfo>
        </ms:sizes>
      </ms:lexicalConceptualResourceTextInfo>
    </ms:lexicalConceptualResourceMediaType>
  </ms:lexicalConceptualResourceInfo>
</ms:lcrMetadataRecord>
