<ms:lcrMetadataRecord xmlns:ms="http://www.meta-share.org/OMTD-SHARE_XMLSchema" xmlns:xsi="http://www.w3.org/2001/XMLSchema-instance" xsi:schemaLocation="http://www.meta-share.org/OMTD-SHARE_XMLSchema http://www.meta-share.org/OMTD-SHARE_XMLSchema/v200/OMTD-SHARE-LexicalConceptualResource.xsd">
  <ms:metadataHeaderInfo>
    <ms:metadataRecordIdentifier metadataIdentifierSchemeName="URN">md_id</ms:metadataRecordIdentifier>
    <ms:metadataCreationDate>2017-09-26</ms:metadataCreationDate>
    <ms:metadataCreators>
       <ms:metadataCreator>
        <ms:names>
          <ms:name>Sophie Aubin</ms:name>
        </ms:names>
        <ms:sex>female</ms:sex>
        <ms:communicationInfo>
          <ms:emails>
            <ms:email>sophie.aubin@inra.fr</ms:email>
          </ms:emails>
        </ms:communicationInfo>
      </ms:metadataCreator>
    </ms:metadataCreators>
  </ms:metadataHeaderInfo>
  <ms:lexicalConceptualResourceInfo>
    <ms:resourceType>lexicalConceptualResource</ms:resourceType>
    <ms:identificationInfo>
      <ms:resourceNames>
        <ms:resourceName lang="en">Wheat Trait Ontology</ms:resourceName>
      </ms:resourceNames>
      <ms:descriptions>
        <ms:description lang="en">WheatPhenotype is an ontology in Obo format that describes the traits of soft wheat (Triticum aestivum) and the environmental factors that affect these traits. Traits include traits of resistance, development, nutritional, baking quality, etc. Environmental factors include biotic and abiotic factors.</ms:description>
      </ms:descriptions>
      <ms:resourceShortNames>
        <ms:resourceShortName lang="en">WheatPhenotype</ms:resourceShortName>
      </ms:resourceShortNames>
      <ms:resourceIdentifiers>
        <ms:resourceIdentifier resourceIdentifierSchemeName="DOI">doi.org/10.15454/1.4382637738008071E12</ms:resourceIdentifier>
      </ms:resourceIdentifiers>
      <ms:public>true</ms:public>
    </ms:identificationInfo>
    <ms:contactInfo>
      <ms:contactPersons>
        <ms:contactPerson>
          <ms:names>
            <ms:name>Claire Nedellec</ms:name>
          </ms:names>
          <ms:communicationInfo>
            <ms:emails>
              <ms:email>claire.nedellec@jouy.inra.fr</ms:email>
            </ms:emails>
          </ms:communicationInfo>
        </ms:contactPerson>
      </ms:contactPersons>
    </ms:contactInfo>
    <ms:versionInfo>
      <ms:version>1.2.0</ms:version>
    </ms:versionInfo>
    <ms:distributionInfos>
      <ms:datasetDistributionInfo>
        <ms:distributionLoc>
          <ms:distributionMedium>downloadable</ms:distributionMedium>
          <ms:distributionLocation>http://data.agroportal.lirmm.fr/ontologies/WHEATPHENOTYPE/submissions/4/download?apikey=1de0a270-29c5-4dda-b043-7c3580628cd5</ms:distributionLocation>
        </ms:distributionLoc>
        <ms:textFormats>
          <ms:textFormatInfo>
            <ms:dataFormatInfo>
              <ms:dataFormat>text/plain</ms:dataFormat>
            </ms:dataFormatInfo>
          </ms:textFormatInfo>
        </ms:textFormats>
        <ms:rightsInfo>
          <ms:licenceInfos>
            <ms:licenceInfo>
              <ms:licence>CC-BY-SA-4.0</ms:licence>
            </ms:licenceInfo>
          </ms:licenceInfos>
        </ms:rightsInfo>
      </ms:datasetDistributionInfo>
      <ms:datasetDistributionInfo>
        <ms:distributionLoc>
          <ms:distributionMedium>downloadable</ms:distributionMedium>
          <ms:distributionLocation>http://data.agroportal.lirmm.fr/ontologies/WHEATPHENOTYPE/download?apikey=1de0a270-29c5-4dda-b043-7c3580628cd5&amp;download_format=csv</ms:distributionLocation>
        </ms:distributionLoc>
        <ms:textFormats>
          <ms:textFormatInfo>
            <ms:dataFormatInfo>
              <ms:dataFormat>text/csv</ms:dataFormat>
            </ms:dataFormatInfo>
          </ms:textFormatInfo>
        </ms:textFormats>
        <ms:rightsInfo>
          <ms:licenceInfos>
            <ms:licenceInfo>
              <ms:licence>CC-BY-SA-4.0</ms:licence>
            </ms:licenceInfo>
          </ms:licenceInfos>
        </ms:rightsInfo>
      </ms:datasetDistributionInfo>
      <ms:datasetDistributionInfo>
        <ms:distributionLoc>
          <ms:distributionMedium>other</ms:distributionMedium>
          <ms:distributionLocation>http://data.agroportal.lirmm.fr/ontologies/WHEATPHENOTYPE/download?apikey=1de0a270-29c5-4dda-b043-7c3580628cd5&amp;download_format=rdf</ms:distributionLocation>
        </ms:distributionLoc>
        <ms:textFormats>
          <ms:textFormatInfo>
            <ms:dataFormatInfo>
              <ms:dataFormat>application/rdf+xml</ms:dataFormat>
            </ms:dataFormatInfo>
          </ms:textFormatInfo>
        </ms:textFormats>
        <ms:rightsInfo>
          <ms:licenceInfos>
            <ms:licenceInfo>
              <ms:licence>CC-BY-SA-4.0</ms:licence>
            </ms:licenceInfo>
          </ms:licenceInfos>
        </ms:rightsInfo>
      </ms:datasetDistributionInfo>
    </ms:distributionInfos>
    <ms:resourceDocumentationInfo>
      <ms:citations>
        <ms:mustBeCitedWith>
          <ms:publicationIdentifiers>
            <ms:publicationIdentifier publicationIdentifierSchemeName="DOI">doi.org/10.15454/1.4382637738008071E12</ms:publicationIdentifier>
          </ms:publicationIdentifiers>
        </ms:mustBeCitedWith>
      </ms:citations>
    </ms:resourceDocumentationInfo>
    <ms:lexicalConceptualResourceType>ontology</ms:lexicalConceptualResourceType>
    <ms:lexicalConceptualResourceEncodingInfo>
      <ms:contentTypes>lemma</ms:contentTypes>
      <ms:contentTypes>semantics-Relations-Synonyms</ms:contentTypes>
      <ms:contentTypes>semantics-Relations-Hyponyms</ms:contentTypes>
      <ms:contentTypes>semantics-Relations-Hyperonyms</ms:contentTypes>
    </ms:lexicalConceptualResourceEncodingInfo>
    <ms:lexicalConceptualResourceMediaType>
      <ms:lexicalConceptualResourceTextInfo>
        <ms:mediaType>text</ms:mediaType>
        <ms:lingualityInfo>
          <ms:lingualityType>monolingual</ms:lingualityType>
        </ms:lingualityInfo>
        <ms:languages>
          <ms:languageInfo>
            <ms:language>
              <ms:languageTag>en-US</ms:languageTag>
              <ms:languageId>enu</ms:languageId>
            </ms:language>
          </ms:languageInfo>
        </ms:languages>
        <ms:metalanguages>
          <ms:metalanguageInfo>
            <ms:language>
              <ms:languageTag>en</ms:languageTag>
              <ms:languageId>en</ms:languageId>
            </ms:language>
          </ms:metalanguageInfo>
        </ms:metalanguages>
        <ms:sizes>
          <ms:sizeInfo>
            <ms:size>466</ms:size>
            <ms:sizeUnit>concepts</ms:sizeUnit>
          </ms:sizeInfo>
        </ms:sizes>
      </ms:lexicalConceptualResourceTextInfo>
    </ms:lexicalConceptualResourceMediaType>
  </ms:lexicalConceptualResourceInfo>
</ms:lcrMetadataRecord>
