<?xml version="1.0" encoding="UTF-8"?>
<ms:lcrMetadataRecord xsi:schemaLocation="http://www.meta-share.org/OMTD-SHARE_XMLSchema http://www.meta-share.org/OMTD-SHARE_XMLSchema/v302/OMTD-SHARE-LexicalConceptualResource.xsd" xmlns:ms="http://www.meta-share.org/OMTD-SHARE_XMLSchema" xmlns:xsi="http://www.w3.org/2001/XMLSchema-instance">
	<ms:lexicalConceptualResourceInfo>
		<ms:resourceType>lexicalConceptualResource</ms:resourceType>
		<ms:identificationInfo>
			<ms:resourceNames>
				<ms:resourceName lang="en">DKPro Core Type System</ms:resourceName>
			</ms:resourceNames>
			<ms:descriptions>
				<ms:description lang="en">The DKPro Core type system forms the interface between all the integrated components. Components store and retrieve their data from the UIMA CAS based on this type system. The type system design is using a rather flat hierarchy and a mostly loose coupling between annotations. It is offered as a set of modules, not as a single monolithic type system.</ms:description>
			</ms:descriptions>
			<ms:resourceIdentifiers>
				<ms:resourceIdentifier resourceIdentifierSchemeName="other">Identifier automatically generated by OpenMinTeD</ms:resourceIdentifier>
			</ms:resourceIdentifiers>
			<ms:public>true</ms:public>
		</ms:identificationInfo>
		<ms:versionInfo>
			<ms:version>1.8.0</ms:version>
		</ms:versionInfo>
		<ms:contactInfo>
			<ms:contactPoint>https://dkpro.github.io/dkpro-core/releases/1.8.0/docs/typesystem-reference.html</ms:contactPoint>
			<ms:contactType>landingPage</ms:contactType>
			<ms:contactGroups>
				<ms:contactGroup>
					<ms:groupNames>
						<ms:groupName>DKPro Team</ms:groupName>
					</ms:groupNames>
					<ms:affiliatedOrganization>
						<ms:organizationNames>
							<ms:organizationName>Ubiquitous Knowledge Processing (UKP) Lab, Technische Universität Darmstadt</ms:organizationName>
						</ms:organizationNames>
					</ms:affiliatedOrganization>
				</ms:contactGroup>
				<ms:contactGroup>
					<ms:groupNames>
						<ms:groupName>DKPro Core Project</ms:groupName>
					</ms:groupNames>
					<ms:affiliatedOrganization>
						<ms:organizationNames>
							<ms:organizationName>Ubiquitous Knowledge Processing (UKP) Lab, Technische Universität Darmstadt</ms:organizationName>
						</ms:organizationNames>
					</ms:affiliatedOrganization>
				</ms:contactGroup>
			</ms:contactGroups>
		</ms:contactInfo>
		<ms:distributionInfos>
			<ms:datasetDistributionInfo>
				<ms:distributionMedium>downloadable</ms:distributionMedium>
				<ms:distributionLocation>https://dkpro.github.io/dkpro-core/releases/1.8.0/docs/typesystem-reference.html</ms:distributionLocation>
				<ms:sizes>
					<ms:sizeInfo>
						<ms:size>39</ms:size>
						<ms:sizeUnit>units</ms:sizeUnit>
					</ms:sizeInfo>
				</ms:sizes>
				<ms:textFormats>
					<ms:textFormatInfo>
						<ms:dataFormatInfo>
							<ms:dataFormat>http://w3id.org/meta-share/omtd-share/Html</ms:dataFormat>
						</ms:dataFormatInfo>
					</ms:textFormatInfo>
				</ms:textFormats>
			</ms:datasetDistributionInfo>
		</ms:distributionInfos>
		<ms:rightsInfo>
			<ms:licenceInfos>
				<ms:licenceInfo>
					<ms:licence>Apache-2.0</ms:licence>
				</ms:licenceInfo>
			</ms:licenceInfos>
			<ms:rightsStatement>openAccess</ms:rightsStatement>
			<ms:attributionText>DKPro Core Type System licensed under CC-BY-4.0</ms:attributionText>
		</ms:rightsInfo>
		<ms:lexicalConceptualResourceType>typesystem</ms:lexicalConceptualResourceType>
		<ms:lexicalConceptualResourceTextInfo>
			<ms:mediaType>text</ms:mediaType>
			<ms:lingualityInfo>
				<ms:lingualityType>monolingual</ms:lingualityType>
			</ms:lingualityInfo>
			<ms:languages>
				<ms:languageInfo>
					<ms:language>en</ms:language>
				</ms:languageInfo>
			</ms:languages>
			<ms:metalanguages>
				<ms:metalanguageInfo>
					<ms:language>en</ms:language>
				</ms:metalanguageInfo>
			</ms:metalanguages>
		</ms:lexicalConceptualResourceTextInfo>
	</ms:lexicalConceptualResourceInfo>
</ms:lcrMetadataRecord>
