<?xml version="1.0" encoding="UTF-8"?>
<ms:componentMetadataRecord xsi:schemaLocation="http://www.meta-share.org/OMTD-SHARE_XMLSchema http://www.meta-share.org/OMTD-SHARE_XMLSchema/v302/OMTD-SHARE-Component.xsd" xmlns:ms="http://www.meta-share.org/OMTD-SHARE_XMLSchema" xmlns:xsi="http://www.w3.org/2001/XMLSchema-instance">
	<ms:componentInfo>
		<ms:resourceType>component</ms:resourceType>
		<ms:identificationInfo>
			<ms:resourceNames>
				<ms:resourceName>ClearNLP POS-Tagger</ms:resourceName>
			</ms:resourceNames>
			<ms:descriptions>
				<ms:description>Part-of-Speech annotator using Clear NLP. Requires Sentences to be annotated before.</ms:description>
			</ms:descriptions>
			<ms:resourceIdentifiers>
				<ms:resourceIdentifier resourceIdentifierSchemeName="maven">mvn:de.tudarmstadt.ukp.dkpro.core:de.tudarmstadt.ukp.dkpro.core.clearnlp-asl:1.9.0-SNAPSHOT#de.tudarmstadt.ukp.dkpro.core.clearnlp.ClearNlpPosTagger</ms:resourceIdentifier>
			</ms:resourceIdentifiers>
			<ms:public>false</ms:public>
		</ms:identificationInfo>
		<ms:versionInfo>
			<ms:version>1.9.0-SNAPSHOT</ms:version>
		</ms:versionInfo>
		<ms:contactInfo>
			<ms:contactPoint>https://dkpro.github.io/dkpro-core/de.tudarmstadt.ukp.dkpro.core.clearnlp-asl/</ms:contactPoint>
			<ms:contactType>landingPage</ms:contactType>
			<ms:contactGroups>
				<ms:contactGroup>
					<ms:groupNames>
						<ms:groupName>DKPro Core Project</ms:groupName>
					</ms:groupNames>
					<ms:affiliatedOrganization>
						<ms:organizationNames>
							<ms:organizationName>Ubiquitous Knowledge Processing (UKP) Lab, Technische Universität Darmstadt</ms:organizationName>
						</ms:organizationNames>
					</ms:affiliatedOrganization>
				</ms:contactGroup>
				<ms:contactGroup>
					<ms:groupNames>
						<ms:groupName>Ubiquitous Knowledge Processing (UKP) Lab, Technische Universität Darmstadt</ms:groupName>
					</ms:groupNames>
					<ms:affiliatedOrganization>
						<ms:organizationNames>
							<ms:organizationName>Ubiquitous Knowledge Processing (UKP) Lab, Technische Universität Darmstadt</ms:organizationName>
						</ms:organizationNames>
					</ms:affiliatedOrganization>
				</ms:contactGroup>
			</ms:contactGroups>
			<ms:mailingLists>
				<ms:mailingListInfo>
					<ms:mailingListName>DKPro Core user mailing list</ms:mailingListName>
					<ms:subscribe>dkpro-core-user+subscribe@googlegroups.com</ms:subscribe>
					<ms:unsubscribe>dkpro-core-user+unsubscribe@googlegroups.com</ms:unsubscribe>
					<ms:post>dkpro-core-user@googlegroups.com</ms:post>
					<ms:archive>https://groups.google.com/forum/#!forum/dkpro-core-user</ms:archive>
				</ms:mailingListInfo>
				<ms:mailingListInfo>
					<ms:mailingListName>DKPro Core developer mailing list</ms:mailingListName>
					<ms:subscribe>dkpro-core-developers+subscribe@googlegroups.com</ms:subscribe>
					<ms:unsubscribe>dkpro-core-developers+unsubscribe@googlegroups.com</ms:unsubscribe>
					<ms:post>dkpro-core-developers@googlegroups.com</ms:post>
					<ms:archive>https://groups.google.com/forum/#!forum/dkpro-core-developers</ms:archive>
				</ms:mailingListInfo>
			</ms:mailingLists>
		</ms:contactInfo>
		<ms:resourceDocumentations>
		<ms:resourceDocumentationInfo>
			<ms:documentationDescription>@InProceedings{eckartdecastilho-gurevych:2014:OIAF4HLT,
  author    = {Eckart de Castilho, Richard  and  Gurevych, Iryna},
  title     = {A broad-coverage collection of portable NLP components for building shareable analysis pipelines},
  booktitle = {Proceedings of the Workshop on Open Infrastructures and Analysis Frameworks for HLT},
  month     = {August},
  year      = {2014},
  address   = {Dublin, Ireland},
  publisher = {Association for Computational Linguistics and Dublin City University},
  pages     = {1--11},
  url       = {http://www.aclweb.org/anthology/W14-5201}
}</ms:documentationDescription>
			<ms:documentationType>publicationForCitation</ms:documentationType>
		</ms:resourceDocumentationInfo>
		<ms:resourceDocumentationInfo>
			<ms:documentationDescription>https://dkpro.github.io/dkpro-core/documentation/</ms:documentationDescription>
			<ms:documentationType>onLineHelpURL</ms:documentationType>
		</ms:resourceDocumentationInfo>
		</ms:resourceDocumentations>		
		<ms:application>false</ms:application>
		<ms:functionInfo>
			<ms:function>http://w3id.org/meta-share/omtd-share/MorphologicalTagger</ms:function>
			<ms:functionOther>posTagger</ms:functionOther>
		</ms:functionInfo>
		<ms:distributionInfos>
			<ms:componentDistributionInfo>
				<ms:componentDistributionForm>executableCode</ms:componentDistributionForm>
				<ms:distributionLocation>mvn:de.tudarmstadt.ukp.dkpro.core:de.tudarmstadt.ukp.dkpro.core.clearnlp-asl:1.9.0-SNAPSHOT#de.tudarmstadt.ukp.dkpro.core.clearnlp.ClearNlpPosTagger</ms:distributionLocation>
				<ms:operatingSystems>
					<ms:operatingSystem>os-independent</ms:operatingSystem>
				</ms:operatingSystems>
			</ms:componentDistributionInfo>
		</ms:distributionInfos>
		<ms:rightsInfo>
			<ms:licenceInfos>
				<ms:licenceInfo>
					<ms:licence>Apache-2.0</ms:licence>
				</ms:licenceInfo>
			</ms:licenceInfos>
			<ms:rightsStatement>openAccess</ms:rightsStatement>
			<ms:copyrightStatement>Copyright 2007-2017
                            Ubiquitous Knowledge Processing (UKP) Lab
                            Technische Universität Darmstadt</ms:copyrightStatement>
		</ms:rightsInfo>
		<ms:parameterInfos>
        <ms:parameterInfo>
          <ms:parameterName>language</ms:parameterName>
          <ms:parameterLabel>language</ms:parameterLabel>
          <ms:parameterDescription>Use this language instead of the document language to resolve the model.</ms:parameterDescription>
          <ms:parameterType>string</ms:parameterType>
          <ms:optional>true</ms:optional>
          <ms:multiValue>false</ms:multiValue>
        </ms:parameterInfo>
        <ms:parameterInfo>
          <ms:parameterName>dictVariant</ms:parameterName>
          <ms:parameterLabel>dictVariant</ms:parameterLabel>
          <ms:parameterDescription>Override the default variant used to locate the dictionary.</ms:parameterDescription>
          <ms:parameterType>string</ms:parameterType>
          <ms:optional>true</ms:optional>
          <ms:multiValue>false</ms:multiValue>
        </ms:parameterInfo>
        <ms:parameterInfo>
          <ms:parameterName>dictLocation</ms:parameterName>
          <ms:parameterLabel>dictLocation</ms:parameterLabel>
          <ms:parameterDescription>Load the dictionary from this location instead of locating the dictionary automatically.</ms:parameterDescription>
          <ms:parameterType>string</ms:parameterType>
          <ms:optional>true</ms:optional>
          <ms:multiValue>false</ms:multiValue>
        </ms:parameterInfo>
        <ms:parameterInfo>
          <ms:parameterName>modelVariant</ms:parameterName>
          <ms:parameterLabel>modelVariant</ms:parameterLabel>
          <ms:parameterDescription>Override the default variant used to locate the pos-tagging model.</ms:parameterDescription>
          <ms:parameterType>string</ms:parameterType>
          <ms:optional>true</ms:optional>
          <ms:multiValue>false</ms:multiValue>
        </ms:parameterInfo>
        <ms:parameterInfo>
          <ms:parameterName>modelLocation</ms:parameterName>
          <ms:parameterLabel>modelLocation</ms:parameterLabel>
          <ms:parameterDescription>Load the model from this location instead of locating the pos-tagging model automatically.</ms:parameterDescription>
          <ms:parameterType>string</ms:parameterType>
          <ms:optional>true</ms:optional>
          <ms:multiValue>false</ms:multiValue>
        </ms:parameterInfo>
        <ms:parameterInfo>
          <ms:parameterName>POSMappingLocation</ms:parameterName>
          <ms:parameterLabel>POSMappingLocation</ms:parameterLabel>
          <ms:parameterDescription>Load the part-of-speech tag to UIMA type mapping from this location instead of locating the
mapping automatically.</ms:parameterDescription>
          <ms:parameterType>string</ms:parameterType>
          <ms:optional>true</ms:optional>
          <ms:multiValue>false</ms:multiValue>
        </ms:parameterInfo>
        <ms:parameterInfo>
          <ms:parameterName>internTags</ms:parameterName>
          <ms:parameterLabel>internTags</ms:parameterLabel>
          <ms:parameterDescription>Use the String#intern() method on tags. This is usually a good idea to avoid spaming
the heap with thousands of strings representing only a few different tags.</ms:parameterDescription>
          <ms:parameterType>boolean</ms:parameterType>
          <ms:optional>true</ms:optional>
          <ms:multiValue>false</ms:multiValue>
          <ms:defaultValue>true</ms:defaultValue>
        </ms:parameterInfo>
        <ms:parameterInfo>
          <ms:parameterName>printTagSet</ms:parameterName>
          <ms:parameterLabel>printTagSet</ms:parameterLabel>
          <ms:parameterDescription>Log the tag set(s) when a model is loaded.</ms:parameterDescription>
          <ms:parameterType>boolean</ms:parameterType>
          <ms:optional>false</ms:optional>
          <ms:multiValue>false</ms:multiValue>
          <ms:defaultValue>false</ms:defaultValue>
        </ms:parameterInfo>
      </ms:parameterInfos>			
		<ms:inputContentResourceInfo>
				<ms:processingResourceType>document</ms:processingResourceType>
			<ms:dataFormats>
				<ms:dataFormatInfo>
					<ms:dataFormat>http://w3id.org/meta-share/omtd-share/Xmi</ms:dataFormat>
				</ms:dataFormatInfo>
			</ms:dataFormats>
			<ms:characterEncodings>
				<ms:characterEncoding>UTF-8</ms:characterEncoding>
			</ms:characterEncodings>
			<ms:annotationTypes>
				<ms:annotationTypeInfo>
					<ms:annotationType>http://w3id.org/meta-share/omtd-share/Sentence</ms:annotationType>
				</ms:annotationTypeInfo>
				<ms:annotationTypeInfo>
					<ms:annotationType>http://w3id.org/meta-share/omtd-share/Token</ms:annotationType>
				</ms:annotationTypeInfo>
			</ms:annotationTypes>
		</ms:inputContentResourceInfo>
		<ms:outputResourceInfo>
				<ms:processingResourceType>document</ms:processingResourceType>
			<ms:dataFormats>
				<ms:dataFormatInfo>
					<ms:dataFormat>http://w3id.org/meta-share/omtd-share/Xmi</ms:dataFormat>
				</ms:dataFormatInfo>
			</ms:dataFormats>
			<ms:characterEncodings>
				<ms:characterEncoding>UTF-8</ms:characterEncoding>
			</ms:characterEncodings>
			<ms:annotationTypes>
				<ms:annotationTypeInfo>
					<ms:annotationType>http://w3id.org/meta-share/omtd-share/PartOfSpeech</ms:annotationType>
				</ms:annotationTypeInfo>
			</ms:annotationTypes>
			<ms:typesystem>
				<ms:resourceNames>
					<ms:resourceName>DKPro Core typesystem</ms:resourceName>
				</ms:resourceNames>
				<ms:resourceIdentifiers>
					<ms:resourceIdentifier resourceIdentifierSchemeName="URL">https://dkpro.github.io/dkpro-core/releases/1.8.0/docs/typesystem-reference.html</ms:resourceIdentifier>
				</ms:resourceIdentifiers>
			</ms:typesystem>
		</ms:outputResourceInfo>
		<ms:previousAnnotationTypesPolicy>keep</ms:previousAnnotationTypesPolicy>
		<ms:componentDependencies>
			<ms:typesystem>
				<ms:resourceNames>
					<ms:resourceName>DKPro Core typesystem</ms:resourceName>
				</ms:resourceNames>
				<ms:resourceIdentifiers>
					<ms:resourceIdentifier resourceIdentifierSchemeName="URL">https://dkpro.github.io/dkpro-core/releases/1.8.0/docs/typesystem-reference.html</ms:resourceIdentifier>
				</ms:resourceIdentifiers>
			</ms:typesystem>
		</ms:componentDependencies>
		<ms:componentCreationInfo>
      <ms:framework>UIMA</ms:framework>
      <ms:implementationLanguage>Java</ms:implementationLanguage>
		</ms:componentCreationInfo>
    <ms:scmInfo>
      <ms:connection>scm:git:git://github.com/dkpro/dkpro-core/de.tudarmstadt.ukp.dkpro.core.clearnlp-asl</ms:connection>
      <ms:developerConnection>scm:git:git@github.com:dkpro/dkpro-core.git/de.tudarmstadt.ukp.dkpro.core.clearnlp-asl</ms:developerConnection>
      <ms:tag>HEAD</ms:tag>
      <ms:url>https://github.com/dkpro/dkpro-core/de.tudarmstadt.ukp.dkpro.core.clearnlp-asl</ms:url>
    </ms:scmInfo>
    <ms:issueManagementInfo>
      <ms:system>GitHub Issues</ms:system>
      <ms:url>https://github.com/dkpro/dkpro-core/issues</ms:url>
    </ms:issueManagementInfo>
	</ms:componentInfo>
</ms:componentMetadataRecord>
