<?xml version="1.0" encoding="UTF-8"?>
<ms:componentMetadataRecord xsi:schemaLocation="http://www.meta-share.org/OMTD-SHARE_XMLSchema http://www.meta-share.org/OMTD-SHARE_XMLSchema/v302/OMTD-SHARE-Component.xsd" xmlns:ms="http://www.meta-share.org/OMTD-SHARE_XMLSchema" xmlns:xsi="http://www.w3.org/2001/XMLSchema-instance">
	<ms:componentInfo>
		<ms:resourceType>component</ms:resourceType>
		<ms:identificationInfo>
			<ms:resourceNames>
				<ms:resourceName>ANNIE POS Tagger</ms:resourceName>
			</ms:resourceNames>
			<ms:descriptions>
				<ms:description>Mark Hepple's Brill-style POS tagger</ms:description>
			</ms:descriptions>
			<ms:resourceIdentifiers>
				<ms:resourceIdentifier resourceIdentifierSchemeName="maven">mvn:uk.ac.gate.plugins:annie:8.5-SNAPSHOT#gate.creole.POSTagger</ms:resourceIdentifier>
			</ms:resourceIdentifiers>
			<ms:public>false</ms:public>
		</ms:identificationInfo>
		<ms:versionInfo>
			<ms:version>8.5-SNAPSHOT</ms:version>
		</ms:versionInfo>
		<ms:contactInfo>
			<ms:contactPoint>http://gate.ac.uk</ms:contactPoint>
			<ms:contactType>landingPage</ms:contactType>
			<ms:contactGroups>
				<ms:contactGroup>
					<ms:groupNames>
						<ms:groupName>GATE</ms:groupName>
					</ms:groupNames>
				</ms:contactGroup>
			</ms:contactGroups>
		</ms:contactInfo>    
		<ms:resourceDocumentations>
		<ms:resourceDocumentationInfo>
			<ms:documentationDescription>https://gate.ac.uk/sale/tao/splitch6.html#x9-1350006.6</ms:documentationDescription>
			<ms:documentationType>onLineHelpURL</ms:documentationType>
		</ms:resourceDocumentationInfo>
		<ms:resourceDocumentationInfo>
			<ms:documentationDescription>M. Hepple. Independence and commitment: Assumptions for rapid training and execution of rule-based POS taggers. In Proceedings of the 38th Annual Meeting of the Association for Computational Linguistics (ACL-2000), Hong Kong, October 2000</ms:documentationDescription>
			<ms:documentationType>publication</ms:documentationType>
		</ms:resourceDocumentationInfo>
	</ms:resourceDocumentations>
		<ms:resourceCreationInfo>
			<ms:resourceCreators>
				<ms:resourceCreator>
					<ms:actorType>group</ms:actorType>
          <ms:relatedGroup>
          <ms:groupNames>
											<ms:groupName>GATE Team</ms:groupName>
										</ms:groupNames>
										</ms:relatedGroup>
				</ms:resourceCreator>
			</ms:resourceCreators>
		</ms:resourceCreationInfo>
		<ms:application>false</ms:application>
		<ms:functionInfo>
			<ms:function>http://w3id.org/meta-share/omtd-share/MorphologicalTagger</ms:function>
		</ms:functionInfo>
    <ms:distributionInfos>
      <ms:componentDistributionInfo>
		  <ms:componentDistributionForm>executableCode</ms:componentDistributionForm>
          <ms:distributionLocation>mvn:uk.ac.gate.plugins:annie:8.5-SNAPSHOT#gate.creole.POSTagger</ms:distributionLocation>
        <ms:operatingSystems>
          <ms:operatingSystem>os-independent</ms:operatingSystem>
        </ms:operatingSystems>
			</ms:componentDistributionInfo>
		</ms:distributionInfos>
        <ms:rightsInfo>
          <ms:licenceInfos>
            <ms:licenceInfo>
              <ms:licence>LGPL-3.0</ms:licence>
            </ms:licenceInfo>
          </ms:licenceInfos>
			<ms:rightsStatement>openAccess</ms:rightsStatement>
		</ms:rightsInfo>
          <ms:parameterInfos>
        <ms:parameterInfo>
          <ms:parameterName>encoding</ms:parameterName>
          <ms:parameterLabel>encoding</ms:parameterLabel>
          <ms:parameterDescription>The encoding used for reading rules and lexicons</ms:parameterDescription>
          <ms:parameterType>string</ms:parameterType>
          <ms:optional>true</ms:optional>
          <ms:multiValue>false</ms:multiValue>
        </ms:parameterInfo>
        <ms:parameterInfo>
          <ms:parameterName>lexiconURL</ms:parameterName>
          <ms:parameterLabel>lexiconURL</ms:parameterLabel>
          <ms:parameterDescription>The URL to the lexicon file</ms:parameterDescription>
          <ms:parameterType>other</ms:parameterType>
          <ms:optional>true</ms:optional>
          <ms:multiValue>false</ms:multiValue>
          <ms:defaultValue>resources/heptag/lexicon</ms:defaultValue>
        </ms:parameterInfo>
        <ms:parameterInfo>
          <ms:parameterName>rulesURL</ms:parameterName>
          <ms:parameterLabel>rulesURL</ms:parameterLabel>
          <ms:parameterDescription>The URL to the ruleset file</ms:parameterDescription>
          <ms:parameterType>other</ms:parameterType>
          <ms:optional>true</ms:optional>
          <ms:multiValue>false</ms:multiValue>
          <ms:defaultValue>resources/heptag/ruleset</ms:defaultValue>
        </ms:parameterInfo>
        <ms:parameterInfo>
          <ms:parameterName>inputASName</ms:parameterName>
          <ms:parameterLabel>inputASName</ms:parameterLabel>
          <ms:parameterDescription>The annotation set to be used as input that must contain 'Token' and 'Sentence' annotations</ms:parameterDescription>
          <ms:parameterType>string</ms:parameterType>
          <ms:optional>true</ms:optional>
          <ms:multiValue>false</ms:multiValue>
        </ms:parameterInfo>
        <ms:parameterInfo>
          <ms:parameterName>baseTokenAnnotationType</ms:parameterName>
          <ms:parameterLabel>baseTokenAnnotationType</ms:parameterLabel>
          <ms:parameterDescription>The name of the base 'Token' annotation type</ms:parameterDescription>
          <ms:parameterType>string</ms:parameterType>
          <ms:optional>false</ms:optional>
          <ms:multiValue>false</ms:multiValue>
          <ms:defaultValue>Token</ms:defaultValue>
        </ms:parameterInfo>
        <ms:parameterInfo>
          <ms:parameterName>baseSentenceAnnotationType</ms:parameterName>
          <ms:parameterLabel>baseSentenceAnnotationType</ms:parameterLabel>
          <ms:parameterDescription>The name of the base 'Sentence' annotation type</ms:parameterDescription>
          <ms:parameterType>string</ms:parameterType>
          <ms:optional>false</ms:optional>
          <ms:multiValue>false</ms:multiValue>
          <ms:defaultValue>Sentence</ms:defaultValue>
        </ms:parameterInfo>
        <ms:parameterInfo>
          <ms:parameterName>outputAnnotationType</ms:parameterName>
          <ms:parameterLabel>outputAnnotationType</ms:parameterLabel>
          <ms:parameterDescription>The name of the annotation type where the new features should be added</ms:parameterDescription>
          <ms:parameterType>string</ms:parameterType>
          <ms:optional>false</ms:optional>
          <ms:multiValue>false</ms:multiValue>
          <ms:defaultValue>Token</ms:defaultValue>
        </ms:parameterInfo>
        <ms:parameterInfo>
          <ms:parameterName>outputASName</ms:parameterName>
          <ms:parameterLabel>outputASName</ms:parameterLabel>
          <ms:parameterDescription>The annotation set to be used as output for POS annotations</ms:parameterDescription>
          <ms:parameterType>string</ms:parameterType>
          <ms:optional>true</ms:optional>
          <ms:multiValue>false</ms:multiValue>
        </ms:parameterInfo>
        <ms:parameterInfo>
          <ms:parameterName>lexiconSeparator</ms:parameterName>
          <ms:parameterLabel>lexiconSeparator</ms:parameterLabel>
          <ms:parameterDescription>Character used to separate lexicon entry from list of POS tags</ms:parameterDescription>
          <ms:parameterType>string</ms:parameterType>
          <ms:optional>false</ms:optional>
          <ms:multiValue>false</ms:multiValue>
        </ms:parameterInfo>
        <ms:parameterInfo>
          <ms:parameterName>failOnMissingInputAnnotations</ms:parameterName>
          <ms:parameterLabel>failOnMissingInputAnnotations</ms:parameterLabel>
          <ms:parameterDescription>Throw an exception when there are none of the required input annotations</ms:parameterDescription>
          <ms:parameterType>boolean</ms:parameterType>
          <ms:optional>true</ms:optional>
          <ms:multiValue>false</ms:multiValue>
          <ms:defaultValue>true</ms:defaultValue>
        </ms:parameterInfo>
        <ms:parameterInfo>
          <ms:parameterName>posTagAllTokens</ms:parameterName>
          <ms:parameterLabel>posTagAllTokens</ms:parameterLabel>
          <ms:parameterDescription>Should all Tokens be POS tagged or just those within baseSentenceAnnotationType?</ms:parameterDescription>
          <ms:parameterType>boolean</ms:parameterType>
          <ms:optional>true</ms:optional>
          <ms:multiValue>false</ms:multiValue>
          <ms:defaultValue>true</ms:defaultValue>
        </ms:parameterInfo>
        <ms:parameterInfo>
          <ms:parameterName>document</ms:parameterName>
          <ms:parameterLabel>document</ms:parameterLabel>
          <ms:parameterDescription>The document to process</ms:parameterDescription>
          <ms:parameterType>other</ms:parameterType>
          <ms:optional>false</ms:optional>
          <ms:multiValue>false</ms:multiValue>
        </ms:parameterInfo>
        <ms:parameterInfo>
          <ms:parameterName>corpus</ms:parameterName>
          <ms:parameterLabel>corpus</ms:parameterLabel>
          <ms:parameterDescription>The corpus containing the document to process</ms:parameterDescription>
          <ms:parameterType>other</ms:parameterType>
          <ms:optional>true</ms:optional>
          <ms:multiValue>false</ms:multiValue>
        </ms:parameterInfo>
      </ms:parameterInfos>
    <ms:inputContentResourceInfo>
        <ms:processingResourceType>corpus</ms:processingResourceType>
			<ms:dataFormats>
				<ms:dataFormatInfo>
					<ms:dataFormat>http://w3id.org/meta-share/omtd-share/UimaCasFormat</ms:dataFormat>
				</ms:dataFormatInfo>
			</ms:dataFormats>
			<ms:annotationTypes>
				<ms:annotationTypeInfo>
					<ms:annotationType>http://w3id.org/meta-share/omtd-share/Token</ms:annotationType>
				</ms:annotationTypeInfo>
								<ms:annotationTypeInfo>
					<ms:annotationType>http://w3id.org/meta-share/omtd-share/Sentence</ms:annotationType>
				</ms:annotationTypeInfo>
			</ms:annotationTypes>
    </ms:inputContentResourceInfo>
		<ms:outputResourceInfo>
				<ms:processingResourceType>corpus</ms:processingResourceType>
			<ms:annotationTypes>
				<ms:annotationTypeInfo>
					<ms:annotationType>http://w3id.org/meta-share/omtd-share/PartOfSpeech</ms:annotationType>
				</ms:annotationTypeInfo>
			</ms:annotationTypes>
			<ms:annotationResource>
				<ms:resourceNames>
					<ms:resourceName>Hepple tagger POS tagset</ms:resourceName>
				</ms:resourceNames>
				<ms:resourceIdentifiers>
					<ms:resourceIdentifier resourceIdentifierSchemeName="URL">https://gate.ac.uk/sale/tao/splitap7.html#x39-786000G</ms:resourceIdentifier>
				</ms:resourceIdentifiers>
			</ms:annotationResource>
		</ms:outputResourceInfo>
		<ms:previousAnnotationTypesPolicy>keep</ms:previousAnnotationTypesPolicy>
		<ms:componentCreationInfo>
			<ms:framework>GATE</ms:framework>
			<ms:implementationLanguage>Java</ms:implementationLanguage>
		</ms:componentCreationInfo>
	</ms:componentInfo>
</ms:componentMetadataRecord>
