<?xml version="1.0" encoding="UTF-8"?>
<ms:componentMetadataRecord xsi:schemaLocation="http://www.meta-share.org/OMTD-SHARE_XMLSchema http://www.meta-share.org/OMTD-SHARE_XMLSchema/v301/OMTD-SHARE-Component.xsd" xmlns:ms="http://www.meta-share.org/OMTD-SHARE_XMLSchema" xmlns:xsi="http://www.w3.org/2001/XMLSchema-instance">
	<ms:componentInfo>
		<ms:resourceType>component</ms:resourceType>
		<ms:identificationInfo>
			<ms:resourceNames>
				<ms:resourceName lang="en-us">Stanford Named Entity Recogniser</ms:resourceName>
			</ms:resourceNames>
			<ms:descriptions>
				<ms:description lang="en-us">Stanford Named Entity Recognizer component.</ms:description>
			</ms:descriptions>
			<ms:resourceIdentifiers>
				<ms:resourceIdentifier resourceIdentifierSchemeName="maven">mvn:de.tudarmstadt.ukp.dkpro.core:de.tudarmstadt.ukp.dkpro.core.stanfordnlp-gpl:1.9.0-SNAPSHOT#de.tudarmstadt.ukp.dkpro.core.stanfordnlp.StanfordNamedEntityRecognizer</ms:resourceIdentifier>
			</ms:resourceIdentifiers>
			<ms:public>false</ms:public>
		</ms:identificationInfo>
		<ms:versionInfo>
			<ms:version>1.9.0-SNAPSHOT</ms:version>
		</ms:versionInfo>
		<ms:contactInfo>
			<ms:contactPoint>https://dkpro.github.io/dkpro-core/de.tudarmstadt.ukp.dkpro.core.clearnlp-asl/</ms:contactPoint>
			<ms:contactType>landingPage</ms:contactType>
			<ms:contactGroups>
				<ms:contactGroup>
					<ms:groupNames>
						<ms:groupName>DKPro Core Project</ms:groupName>
					</ms:groupNames>
					<ms:affiliatedOrganization>
						<ms:organizationNames>
							<ms:organizationName>Ubiquitous Knowledge Processing (UKP) Lab, Technische Universität Darmstadt</ms:organizationName>
						</ms:organizationNames>
					</ms:affiliatedOrganization>
				</ms:contactGroup>
				<ms:contactGroup>
					<ms:groupNames>
						<ms:groupName>Ubiquitous Knowledge Processing (UKP) Lab, Technische Universität Darmstadt</ms:groupName>
					</ms:groupNames>
					<ms:affiliatedOrganization>
						<ms:organizationNames>
							<ms:organizationName>Ubiquitous Knowledge Processing (UKP) Lab, Technische Universität Darmstadt</ms:organizationName>
						</ms:organizationNames>
					</ms:affiliatedOrganization>
				</ms:contactGroup>
			</ms:contactGroups>
			<ms:mailingLists>
				<ms:mailingListInfo>
					<ms:mailingListName>DKPro Core user mailing list</ms:mailingListName>
					<ms:subscribe>dkpro-core-user+subscribe@googlegroups.com</ms:subscribe>
					<ms:unsubscribe>dkpro-core-user+unsubscribe@googlegroups.com</ms:unsubscribe>
					<ms:post>dkpro-core-user@googlegroups.com</ms:post>
					<ms:archive>https://groups.google.com/forum/#!forum/dkpro-core-user</ms:archive>
				</ms:mailingListInfo>
				<ms:mailingListInfo>
					<ms:mailingListName>DKPro Core developer mailing list</ms:mailingListName>
					<ms:subscribe>dkpro-core-developers+subscribe@googlegroups.com</ms:subscribe>
					<ms:unsubscribe>dkpro-core-developers+unsubscribe@googlegroups.com</ms:unsubscribe>
					<ms:post>dkpro-core-developers@googlegroups.com</ms:post>
					<ms:archive>https://groups.google.com/forum/#!forum/dkpro-core-developers</ms:archive>
				</ms:mailingListInfo>
			</ms:mailingLists>
		</ms:contactInfo>
		<ms:resourceDocumentations>
		<ms:resourceDocumentationInfo>
			<ms:documentationDescription>@InProceedings{eckartdecastilho-gurevych:2014:OIAF4HLT,
  url       = {http://www.aclweb.org/anthology/W14-5201}
}</ms:documentationDescription>
			<ms:documentationType>publicationForCitation</ms:documentationType>
		</ms:resourceDocumentationInfo>
		<ms:resourceDocumentationInfo>
			<ms:documentationDescription>https://dkpro.github.io/dkpro-core/documentation/</ms:documentationDescription>
			<ms:documentationType>onLineHelpURL</ms:documentationType>
		</ms:resourceDocumentationInfo>
		</ms:resourceDocumentations>		
		<ms:resourceCreationInfo>
			<ms:resourceCreators>
				<ms:resourceCreator>
				<ms:actorType>group</ms:actorType>
					<ms:relatedGroup>
						<ms:groupNames>
							<ms:groupName>DKPro Team</ms:groupName>
						</ms:groupNames>
						<ms:affiliatedOrganization>
							<ms:organizationNames>
								<ms:organizationName>Ubiquitous Knowledge Processing (UKP) Lab, Technische Universität Darmstadt</ms:organizationName>
							</ms:organizationNames>
						</ms:affiliatedOrganization>
					</ms:relatedGroup>
				</ms:resourceCreator>
			</ms:resourceCreators>
		</ms:resourceCreationInfo>
		<ms:application>false</ms:application>
		<ms:functionInfo>
			<ms:function>namedEntityRecognizer</ms:function>
		</ms:functionInfo>
		<ms:distributionInfos>
			<ms:componentDistributionInfo>
					<ms:componentDistributionForm>executableCode</ms:componentDistributionForm>
					<ms:distributionLocation>mvn:de.tudarmstadt.ukp.dkpro.core:de.tudarmstadt.ukp.dkpro.core.stanfordnlp-gpl:1.9.0-SNAPSHOT#de.tudarmstadt.ukp.dkpro.core.stanfordnlp.StanfordNamedEntityRecognizer</ms:distributionLocation>
				<ms:operatingSystems>
					<ms:operatingSystem>os-independent</ms:operatingSystem>
				</ms:operatingSystems>
			</ms:componentDistributionInfo>
		</ms:distributionInfos>
				<ms:rightsInfo>
					<ms:licenceInfos>
						<ms:licenceInfo>
							<ms:licence>GPL-3.0</ms:licence>
						</ms:licenceInfo>
					</ms:licenceInfos>
					<ms:rightsStatement>openAccess</ms:rightsStatement>
					<ms:attributionText>Stanford Named Entity Recogniser licensed under GPL 3-0</ms:attributionText>
				</ms:rightsInfo>
		<ms:inputContentResourceInfo>
				<ms:processingResourceType>corpus</ms:processingResourceType>
			<ms:dataFormats>
				<ms:dataFormatInfo>
					<ms:dataFormat>application/vnd.xmi+xml</ms:dataFormat>
				</ms:dataFormatInfo>
			</ms:dataFormats>
			<ms:characterEncodings>
				<ms:characterEncoding>UTF-8</ms:characterEncoding>
			</ms:characterEncodings>
			<ms:annotationTypes>
			<ms:annotationTypeInfo>
				<ms:annotationType>token</ms:annotationType>
			</ms:annotationTypeInfo></ms:annotationTypes>
			<ms:typesystem>
				<ms:resourceNames>
					<ms:resourceName>DKPro Core typesystem</ms:resourceName>
				</ms:resourceNames>
			</ms:typesystem>
		</ms:inputContentResourceInfo>
		<ms:outputResourceInfo>
				<ms:processingResourceType>corpus</ms:processingResourceType>
			<ms:dataFormats>
				<ms:dataFormatInfo>
					<ms:dataFormat>application/vnd.xmi+xml</ms:dataFormat>
				</ms:dataFormatInfo>
			</ms:dataFormats>
			<ms:characterEncodings>
				<ms:characterEncoding>UTF-8</ms:characterEncoding>
			</ms:characterEncodings>
			<ms:annotationTypes>
				<ms:annotationTypeInfo>
					<ms:annotationType>namedEntity</ms:annotationType>
				</ms:annotationTypeInfo></ms:annotationTypes>
			<ms:typesystem>
				<ms:resourceNames>
					<ms:resourceName lang="en">DKPro Core type system</ms:resourceName>
				</ms:resourceNames>
			</ms:typesystem>
		</ms:outputResourceInfo>
		<ms:componentDependencies>
			<ms:typesystem>
				<ms:resourceNames>
					<ms:resourceName lang="en">DKPro Core type system</ms:resourceName>
				</ms:resourceNames>
			</ms:typesystem>
			<ms:annotationResources>
				<ms:annotationResource>
					<ms:resourceNames>
						<ms:resourceName lang="en">ss-io-dictionaries</ms:resourceName>
					</ms:resourceNames>
					<ms:resourceIdentifiers>
						<ms:resourceIdentifier resourceIdentifierSchemeName="URL">https://github.com/openminted/uc-tdm-socialsciences/releases/download/uc-tdm-socialsciences-1.0.0/ss-io-dictionaries.zip</ms:resourceIdentifier>
					</ms:resourceIdentifiers>
				</ms:annotationResource>
			</ms:annotationResources>
		</ms:componentDependencies>
		<ms:componentCreationInfo>
			<ms:framework>UIMA</ms:framework>
			<ms:TDMMethod>machineAndStatisticalLearning</ms:TDMMethod>
			<ms:implementationLanguage>java</ms:implementationLanguage>
		</ms:componentCreationInfo>
		<ms:scmInfo>
			<ms:connection>scm:git:git://github.com/dkpro/dkpro-core/de.tudarmstadt.ukp.dkpro.core.stanfordnlp-gpl</ms:connection>
			<ms:developerConnection>scm:git:git@github.com:dkpro/dkpro-core.git/de.tudarmstadt.ukp.dkpro.core.stanfordnlp-gpl</ms:developerConnection>
			<ms:tag>HEAD</ms:tag>
			<ms:url>https://github.com/dkpro/dkpro-core/de.tudarmstadt.ukp.dkpro.core.stanfordnlp-gpl</ms:url>
		</ms:scmInfo>
		<ms:issueManagementInfo>
			<ms:system>GitHub Issues</ms:system>
			<ms:url>https://github.com/dkpro/dkpro-core/issues</ms:url>
		</ms:issueManagementInfo>
		<ms:componentEvaluationInfo>
			<ms:evaluated>false</ms:evaluated>
		</ms:componentEvaluationInfo>
	</ms:componentInfo>
</ms:componentMetadataRecord>
