<?xml version="1.0" encoding="UTF-8"?>
<ms:componentMetadataRecord xsi:schemaLocation="http://www.meta-share.org/OMTD-SHARE_XMLSchema http://www.meta-share.org/OMTD-SHARE_XMLSchema/v301/OMTD-SHARE-Component.xsd" xmlns:ms="http://www.meta-share.org/OMTD-SHARE_XMLSchema" xmlns:xsi="http://www.w3.org/2001/XMLSchema-instance">
	<ms:componentInfo>
		<ms:resourceType>component</ms:resourceType>
		<ms:identificationInfo>
			<ms:resourceNames>
				<ms:resourceName lang="en-us">MalletLdaTopicModelInferencer</ms:resourceName>
			</ms:resourceNames>
			<ms:descriptions>
				<ms:description lang="en-us">Infers the topic distribution over documents using a Mallet ParallelTopicModel.</ms:description>
			</ms:descriptions>
			<ms:resourceIdentifiers>
				<ms:resourceIdentifier resourceIdentifierSchemeName="maven">mvn:de.tudarmstadt.ukp.dkpro.core:de.tudarmstadt.ukp.dkpro.core.mallet-asl:1.9.0-SNAPSHOT#de.tudarmstadt.ukp.dkpro.core.mallet.lda.MalletLdaTopicModelInferencer</ms:resourceIdentifier>
			</ms:resourceIdentifiers>
			<ms:public>false</ms:public>
		</ms:identificationInfo>
		<ms:versionInfo>
			<ms:version>1.0.9-SNAPSHOT</ms:version>
		</ms:versionInfo>
		<ms:contactInfo>
			<ms:contactPoint>https://dkpro.github.io/dkpro-core/de.tudarmstadt.ukp.dkpro.core.clearnlp-asl/</ms:contactPoint>
			<ms:contactType>landingPage</ms:contactType>
			<ms:contactGroups>
				<ms:contactGroup>
					<ms:groupNames>
						<ms:groupName>DKPro Core Project</ms:groupName>
					</ms:groupNames>
					<ms:affiliatedOrganization>
						<ms:organizationNames>
							<ms:organizationName>Ubiquitous Knowledge Processing (UKP) Lab, Technische Universität Darmstadt</ms:organizationName>
						</ms:organizationNames>
					</ms:affiliatedOrganization>
				</ms:contactGroup>
				<ms:contactGroup>
					<ms:groupNames>
						<ms:groupName>Ubiquitous Knowledge Processing (UKP) Lab, Technische Universität Darmstadt</ms:groupName>
					</ms:groupNames>
					<ms:affiliatedOrganization>
						<ms:organizationNames>
							<ms:organizationName>Ubiquitous Knowledge Processing (UKP) Lab, Technische Universität Darmstadt</ms:organizationName>
						</ms:organizationNames>
					</ms:affiliatedOrganization>
				</ms:contactGroup>
			</ms:contactGroups>
			<ms:mailingLists>
				<ms:mailingListInfo>
					<ms:mailingListName>DKPro Core user mailing list</ms:mailingListName>
					<ms:subscribe>dkpro-core-user+subscribe@googlegroups.com</ms:subscribe>
					<ms:unsubscribe>dkpro-core-user+unsubscribe@googlegroups.com</ms:unsubscribe>
					<ms:post>dkpro-core-user@googlegroups.com</ms:post>
					<ms:archive>https://groups.google.com/forum/#!forum/dkpro-core-user</ms:archive>
				</ms:mailingListInfo>
				<ms:mailingListInfo>
					<ms:mailingListName>DKPro Core developer mailing list</ms:mailingListName>
					<ms:subscribe>dkpro-core-developers+subscribe@googlegroups.com</ms:subscribe>
					<ms:unsubscribe>dkpro-core-developers+unsubscribe@googlegroups.com</ms:unsubscribe>
					<ms:post>dkpro-core-developers@googlegroups.com</ms:post>
					<ms:archive>https://groups.google.com/forum/#!forum/dkpro-core-developers</ms:archive>
				</ms:mailingListInfo>
			</ms:mailingLists>
		</ms:contactInfo>
		<ms:resourceDocumentations>
			<ms:resourceDocumentationInfo>
				<ms:documentationDescription>@InProceedings{eckartdecastilho-gurevych:2014:OIAF4HLT, url       = {http://www.aclweb.org/anthology/W14-5201}
}</ms:documentationDescription>
				<ms:documentationType>publicationForCitation</ms:documentationType>
			</ms:resourceDocumentationInfo>
			<ms:resourceDocumentationInfo>
				<ms:documentationDescription>https://dkpro.github.io/dkpro-core/documentation/</ms:documentationDescription>
				<ms:documentationType>onLineHelpURL</ms:documentationType>
			</ms:resourceDocumentationInfo>
		</ms:resourceDocumentations>
		<ms:resourceCreationInfo>
			<ms:resourceCreators>
				<ms:resourceCreator>
					<ms:actorType>group</ms:actorType>
					<ms:relatedGroup>
						<ms:groupNames>
							<ms:groupName>DKPro Team</ms:groupName>
						</ms:groupNames>
						<ms:affiliatedOrganization>
							<ms:organizationNames>
								<ms:organizationName>Ubiquitous Knowledge Processing (UKP) Lab, Technische Universität Darmstadt</ms:organizationName>
							</ms:organizationNames>
						</ms:affiliatedOrganization>
					</ms:relatedGroup>
				</ms:resourceCreator>
			</ms:resourceCreators>
		</ms:resourceCreationInfo>
		<ms:application>false</ms:application>
		<ms:functionInfo>
			<ms:function>topicExtractor</ms:function>
		</ms:functionInfo>
		<ms:distributionInfos>
			<ms:componentDistributionInfo>
				<ms:componentDistributionForm>executableCode</ms:componentDistributionForm>
				<ms:distributionLocation>mvn:de.tudarmstadt.ukp.dkpro.core:de.tudarmstadt.ukp.dkpro.core.mallet-asl:1.9.0-SNAPSHOT#de.tudarmstadt.ukp.dkpro.core.mallet.lda.MalletLdaTopicModelInferencer</ms:distributionLocation>
				<ms:operatingSystems>
					<ms:operatingSystem>os-independent</ms:operatingSystem>
				</ms:operatingSystems>
			</ms:componentDistributionInfo>
		</ms:distributionInfos>
		<ms:rightsInfo>
			<ms:licenceInfos>
				<ms:licenceInfo>
					<ms:licence>Apache-2.0</ms:licence>
				</ms:licenceInfo>
			</ms:licenceInfos>
			<ms:rightsStatement>openAccess</ms:rightsStatement>
			<ms:attributionText>MalletLdaTopicModelInferencer licensed under Apache Licence 2.0</ms:attributionText>
		</ms:rightsInfo>
		<ms:parameterInfos>
			<ms:parameterInfo>
				<ms:parameterName>modelLocation</ms:parameterName>
				<ms:parameterLabel>modelLocation</ms:parameterLabel>
				<ms:parameterDescription/>
				<ms:parameterType>string</ms:parameterType>
				<ms:optional>false</ms:optional>
				<ms:multiValue>false</ms:multiValue>
				<ms:dataFormats>
					<ms:dataFormatInfo>
						<ms:dataFormat>formatForModels</ms:dataFormat>
					</ms:dataFormatInfo>
				</ms:dataFormats>
			</ms:parameterInfo>
			<ms:parameterInfo>
				<ms:parameterName>typeName</ms:parameterName>
				<ms:parameterLabel>typeName</ms:parameterLabel>
				<ms:parameterDescription>The annotation type to use as tokens. Default: Token</ms:parameterDescription>
				<ms:parameterType>string</ms:parameterType>
				<ms:optional>false</ms:optional>
				<ms:multiValue>false</ms:multiValue>
				<ms:defaultValue>de.tudarmstadt.ukp.dkpro.core.api.segmentation.type.Token</ms:defaultValue>
			</ms:parameterInfo>
			<ms:parameterInfo>
				<ms:parameterName>nIterations</ms:parameterName>
				<ms:parameterLabel>nIterations</ms:parameterLabel>
				<ms:parameterDescription>The number of iterations during inference. Default: 100.</ms:parameterDescription>
				<ms:parameterType>integer</ms:parameterType>
				<ms:optional>false</ms:optional>
				<ms:multiValue>false</ms:multiValue>
				<ms:defaultValue>100</ms:defaultValue>
			</ms:parameterInfo>
			<ms:parameterInfo>
				<ms:parameterName>burnIn</ms:parameterName>
				<ms:parameterLabel>burnIn</ms:parameterLabel>
				<ms:parameterDescription>The number of iterations before hyperparameter optimization begins. Default: 1</ms:parameterDescription>
				<ms:parameterType>integer</ms:parameterType>
				<ms:optional>false</ms:optional>
				<ms:multiValue>false</ms:multiValue>
				<ms:defaultValue>1</ms:defaultValue>
			</ms:parameterInfo>
			<ms:parameterInfo>
				<ms:parameterName>thinning</ms:parameterName>
				<ms:parameterLabel>thinning</ms:parameterLabel>
				<ms:parameterDescription/>
				<ms:parameterType>integer</ms:parameterType>
				<ms:optional>false</ms:optional>
				<ms:multiValue>false</ms:multiValue>
				<ms:defaultValue>5</ms:defaultValue>
			</ms:parameterInfo>
			<ms:parameterInfo>
				<ms:parameterName>minTopicProb</ms:parameterName>
				<ms:parameterLabel>minTopicProb</ms:parameterLabel>
				<ms:parameterDescription>Minimum topic proportion for the document-topic assignment.</ms:parameterDescription>
				<ms:parameterType>float</ms:parameterType>
				<ms:optional>false</ms:optional>
				<ms:multiValue>false</ms:multiValue>
				<ms:defaultValue>0.2</ms:defaultValue>
			</ms:parameterInfo>
			<ms:parameterInfo>
				<ms:parameterName>maxTopicAssignments</ms:parameterName>
				<ms:parameterLabel>maxTopicAssignments</ms:parameterLabel>
				<ms:parameterDescription>Maximum number of topics to assign. If not set (or &amp;lt;= 0), the number of topics in the
model divided by 10 is set.</ms:parameterDescription>
				<ms:parameterType>integer</ms:parameterType>
				<ms:optional>false</ms:optional>
				<ms:multiValue>false</ms:multiValue>
				<ms:defaultValue>0</ms:defaultValue>
			</ms:parameterInfo>
			<ms:parameterInfo>
				<ms:parameterName>tokenFeaturePath</ms:parameterName>
				<ms:parameterLabel>tokenFeaturePath</ms:parameterLabel>
				<ms:parameterDescription>The annotation type to use for the model. Default: de.tudarmstadt.ukp.dkpro.core.api.segmentation.type.Token.
For lemmas, use de.tudarmstadt.ukp.dkpro.core.api.segmentation.type.Token/lemma/value</ms:parameterDescription>
				<ms:parameterType>string</ms:parameterType>
				<ms:optional>false</ms:optional>
				<ms:multiValue>false</ms:multiValue>
				<ms:defaultValue>de.tudarmstadt.ukp.dkpro.core.api.segmentation.type.Token</ms:defaultValue>
			</ms:parameterInfo>
			<ms:parameterInfo>
				<ms:parameterName>minTokenLength</ms:parameterName>
				<ms:parameterLabel>minTokenLength</ms:parameterLabel>
				<ms:parameterDescription>Ignore tokens (or lemmas, respectively) that are shorter than the given value. Default: 3.</ms:parameterDescription>
				<ms:parameterType>integer</ms:parameterType>
				<ms:optional>false</ms:optional>
				<ms:multiValue>false</ms:multiValue>
				<ms:defaultValue>3</ms:defaultValue>
			</ms:parameterInfo>
			<ms:parameterInfo>
				<ms:parameterName>lowercase</ms:parameterName>
				<ms:parameterLabel>lowercase</ms:parameterLabel>
				<ms:parameterDescription>If set to true (default: false), all tokens are lowercased.</ms:parameterDescription>
				<ms:parameterType>boolean</ms:parameterType>
				<ms:optional>false</ms:optional>
				<ms:multiValue>false</ms:multiValue>
				<ms:defaultValue>false</ms:defaultValue>
			</ms:parameterInfo>
		</ms:parameterInfos>
		<ms:inputContentResourceInfo>
			<ms:processingResourceType>corpus</ms:processingResourceType>
			<ms:dataFormats>
				<ms:dataFormatInfo>
					<ms:dataFormat>application/vnd.xmi+xml</ms:dataFormat>
				</ms:dataFormatInfo>
			</ms:dataFormats>
			<ms:characterEncodings>
				<ms:characterEncoding>UTF-8</ms:characterEncoding>
			</ms:characterEncodings>
			<ms:annotationTypes>
				<ms:annotationTypeInfo>
					<ms:annotationType>token</ms:annotationType>
				</ms:annotationTypeInfo>
			</ms:annotationTypes>
		</ms:inputContentResourceInfo>
		<ms:outputResourceInfo>
			<ms:processingResourceType>corpus</ms:processingResourceType>
			<ms:dataFormats>
				<ms:dataFormatInfo>
					<ms:dataFormat>application/vnd.xmi+xml</ms:dataFormat>
				</ms:dataFormatInfo>
			</ms:dataFormats>
			<ms:characterEncodings>
				<ms:characterEncoding>UTF-8</ms:characterEncoding>
			</ms:characterEncodings>
			<ms:annotationTypes>
				<ms:annotationTypeInfo>
					<ms:annotationType>topic</ms:annotationType>
				</ms:annotationTypeInfo>
			</ms:annotationTypes>
			<ms:typesystem>
				<ms:resourceNames>
					<ms:resourceName lang="en">DKPro Core type system</ms:resourceName>
				</ms:resourceNames>
			</ms:typesystem>
		</ms:outputResourceInfo>
		<ms:componentDependencies>
			<ms:typesystem>
				<ms:resourceNames>
					<ms:resourceName lang="en">DKPro Core type system</ms:resourceName>
				</ms:resourceNames>
			</ms:typesystem>
		</ms:componentDependencies>
		<ms:componentCreationInfo>
			<ms:framework>UIMA</ms:framework>
			<ms:TDMMethod>machineAndStatisticalLearning</ms:TDMMethod>
			<ms:implementationLanguage>java</ms:implementationLanguage>
		</ms:componentCreationInfo>
		<ms:componentEvaluationInfo>
			<ms:evaluated>false</ms:evaluated>
		</ms:componentEvaluationInfo>
	</ms:componentInfo>
</ms:componentMetadataRecord>
