<?xml version="1.0" encoding="UTF-8"?>
<ns1:componentMetadataRecord xmlns:xsi="http://www.w3.org/2001/XMLSchema-instance" xmlns:ns1="http://www.meta-share.org/OMTD-SHARE_XMLSchema" xsi:schemaLocation="http://www.meta-share.org/OMTD-SHARE_XMLSchema http://www.meta-share.org/OMTD-SHARE_XMLSchema/v200/OMTD-SHARE-Component.xsd">
  <ns1:componentInfo>
    <ns1:resourceType>component</ns1:resourceType>
    <ns1:identificationInfo>
      <ns1:resourceNames>
        <ns1:resourceName>Jape Viewer</ns1:resourceName>
      </ns1:resourceNames>
      <ns1:descriptions>
        <ns1:description>A JAPE grammar file viewer</ns1:description>
      </ns1:descriptions>
      <ns1:resourceIdentifiers>
        <ns1:resourceIdentifier resourceIdentifierSchemeName="maven">mvn:uk.ac.gate.plugins:annie:8.5-SNAPSHOT#gate.gui.jape.JapeViewer</ns1:resourceIdentifier>
      </ns1:resourceIdentifiers>
      <ns1:public>false</ns1:public>
    </ns1:identificationInfo>
    <ns1:versionInfo>
      <ns1:version>8.5-SNAPSHOT</ns1:version>
    </ns1:versionInfo>
    <ns1:contactInfo>
      <ns1:landingPage>http://gate.ac.uk</ns1:landingPage>
      <ns1:contactGroups>
        <ns1:contactGroup>
          <ns1:groupNames>
            <ns1:groupName>GATE</ns1:groupName>
          </ns1:groupNames>
          <ns1:affiliatedOrganization>
            <ns1:organizationNames>
              <ns1:organizationName>GATE</ns1:organizationName>
            </ns1:organizationNames>
          </ns1:affiliatedOrganization>
        </ns1:contactGroup>
      </ns1:contactGroups>
    </ns1:contactInfo>
    <ns1:resourceCreationInfo>
      <ns1:resourceCreators>
        <ns1:resourceCreator>
          <ns1:relatedPerson>
            <ns1:names>
              <ns1:name>GATE Team</ns1:name>
            </ns1:names>
            <ns1:communicationInfo>
              <ns1:emails>
                <ns1:email>gate-developers@lists.sourceforge.net</ns1:email>
              </ns1:emails>
            </ns1:communicationInfo>
          </ns1:relatedPerson>
        </ns1:resourceCreator>
      </ns1:resourceCreators>
    </ns1:resourceCreationInfo>
    <ns1:componentType>other</ns1:componentType>
    <ns1:application>false</ns1:application>
    <ns1:distributionInfos>
      <ns1:componentDistributionInfo>
        <ns1:componentLoc>
          <ns1:componentDistributionForm>executableCode</ns1:componentDistributionForm>
          <ns1:distributionURL>mvn:uk.ac.gate.plugins:annie:8.5-SNAPSHOT#gate.gui.jape.JapeViewer</ns1:distributionURL>
        </ns1:componentLoc>
        <ns1:command>gate.gui.jape.JapeViewer</ns1:command>
        <ns1:operatingSystems>
          <ns1:operatingSystem>os-independent</ns1:operatingSystem>
        </ns1:operatingSystems>
        <ns1:rightsInfo>
          <ns1:licenceInfos>
            <ns1:licenceInfo>
              <ns1:licence>LGPL-3.0</ns1:licence>
            </ns1:licenceInfo>
          </ns1:licenceInfos>
        </ns1:rightsInfo>
      </ns1:componentDistributionInfo>
    </ns1:distributionInfos>
    <ns1:componentCreationInfo>
      <ns1:framework>GATE</ns1:framework>
      <ns1:implementationLanguage>Java</ns1:implementationLanguage>
    </ns1:componentCreationInfo>
  </ns1:componentInfo>
</ns1:componentMetadataRecord>
