<?xml version="1.0" encoding="UTF-8"?>
<ns1:componentMetadataRecord xmlns:xsi="http://www.w3.org/2001/XMLSchema-instance" xmlns:ns1="http://www.meta-share.org/OMTD-SHARE_XMLSchema" xsi:schemaLocation="http://www.meta-share.org/OMTD-SHARE_XMLSchema http://www.meta-share.org/OMTD-SHARE_XMLSchema/v200/OMTD-SHARE-Component.xsd">
  <ns1:componentInfo>
    <ns1:resourceType>component</ns1:resourceType>
    <ns1:identificationInfo>
      <ns1:resourceNames>
        <ns1:resourceName>ANNIE Gazetteer</ns1:resourceName>
      </ns1:resourceNames>
      <ns1:descriptions>
        <ns1:description>A list lookup component.</ns1:description>
      </ns1:descriptions>
      <ns1:resourceIdentifiers>
        <ns1:resourceIdentifier resourceIdentifierSchemeName="maven">mvn:uk.ac.gate.plugins:annie:8.5-SNAPSHOT#gate.creole.gazetteer.DefaultGazetteer</ns1:resourceIdentifier>
      </ns1:resourceIdentifiers>
      <ns1:public>false</ns1:public>
    </ns1:identificationInfo>
    <ns1:versionInfo>
      <ns1:version>8.5-SNAPSHOT</ns1:version>
    </ns1:versionInfo>
    <ns1:contactInfo>
      <ns1:landingPage>http://gate.ac.uk</ns1:landingPage>
      <ns1:contactGroups>
        <ns1:contactGroup>
          <ns1:groupNames>
            <ns1:groupName>GATE</ns1:groupName>
          </ns1:groupNames>
          <ns1:affiliatedOrganization>
            <ns1:organizationNames>
              <ns1:organizationName>GATE</ns1:organizationName>
            </ns1:organizationNames>
          </ns1:affiliatedOrganization>
        </ns1:contactGroup>
      </ns1:contactGroups>
    </ns1:contactInfo>
    <ns1:resourceCreationInfo>
      <ns1:resourceCreators>
        <ns1:resourceCreator>
          <ns1:relatedPerson>
            <ns1:names>
              <ns1:name>GATE Team</ns1:name>
            </ns1:names>
            <ns1:communicationInfo>
              <ns1:emails>
                <ns1:email>gate-developers@lists.sourceforge.net</ns1:email>
              </ns1:emails>
            </ns1:communicationInfo>
          </ns1:relatedPerson>
        </ns1:resourceCreator>
      </ns1:resourceCreators>
    </ns1:resourceCreationInfo>
    <ns1:componentType>other</ns1:componentType>
    <ns1:application>false</ns1:application>
    <ns1:distributionInfos>
      <ns1:componentDistributionInfo>
        <ns1:componentLoc>
          <ns1:componentDistributionForm>executableCode</ns1:componentDistributionForm>
          <ns1:distributionURL>mvn:uk.ac.gate.plugins:annie:8.5-SNAPSHOT#gate.creole.gazetteer.DefaultGazetteer</ns1:distributionURL>
        </ns1:componentLoc>
        <ns1:command>gate.creole.gazetteer.DefaultGazetteer</ns1:command>
        <ns1:operatingSystems>
          <ns1:operatingSystem>os-independent</ns1:operatingSystem>
        </ns1:operatingSystems>
        <ns1:rightsInfo>
          <ns1:licenceInfos>
            <ns1:licenceInfo>
              <ns1:licence>LGPL-3.0</ns1:licence>
            </ns1:licenceInfo>
          </ns1:licenceInfos>
        </ns1:rightsInfo>
      </ns1:componentDistributionInfo>
    </ns1:distributionInfos>
    <ns1:inputContentResourceInfo>
      <ns1:processingResourceTypes>
        <ns1:processingResourceType>document</ns1:processingResourceType>
      </ns1:processingResourceTypes>
      <ns1:parameterInfos>
        <ns1:parameterInfo>
          <ns1:parameterName>gazetteerFeatureSeparator</ns1:parameterName>
          <ns1:parameterLabel>gazetteerFeatureSeparator</ns1:parameterLabel>
          <ns1:parameterDescription>The character used to separate features for entries in gazetteer lists. Accepts strings like &amp;quot;	&amp;quot; and will unescape it to the relevant character. If not specified, this gazetteer does not support extra features.</ns1:parameterDescription>
          <ns1:parameterType>string</ns1:parameterType>
          <ns1:optional>true</ns1:optional>
          <ns1:multiValue>false</ns1:multiValue>
          <ns1:defaultValue>:</ns1:defaultValue>
        </ns1:parameterInfo>
        <ns1:parameterInfo>
          <ns1:parameterName>encoding</ns1:parameterName>
          <ns1:parameterLabel>encoding</ns1:parameterLabel>
          <ns1:parameterDescription>The encoding used for reading the definitions</ns1:parameterDescription>
          <ns1:parameterType>string</ns1:parameterType>
          <ns1:optional>false</ns1:optional>
          <ns1:multiValue>false</ns1:multiValue>
          <ns1:defaultValue>UTF-8</ns1:defaultValue>
        </ns1:parameterInfo>
        <ns1:parameterInfo>
          <ns1:parameterName>annotationSetName</ns1:parameterName>
          <ns1:parameterLabel>annotationSetName</ns1:parameterLabel>
          <ns1:parameterDescription>The annotation set to be used for the generated annotations</ns1:parameterDescription>
          <ns1:parameterType>string</ns1:parameterType>
          <ns1:optional>true</ns1:optional>
          <ns1:multiValue>false</ns1:multiValue>
        </ns1:parameterInfo>
        <ns1:parameterInfo>
          <ns1:parameterName>caseSensitive</ns1:parameterName>
          <ns1:parameterLabel>caseSensitive</ns1:parameterLabel>
          <ns1:parameterDescription>Should this gazetteer diferentiate on case?</ns1:parameterDescription>
          <ns1:parameterType>boolean</ns1:parameterType>
          <ns1:optional>false</ns1:optional>
          <ns1:multiValue>false</ns1:multiValue>
          <ns1:defaultValue>true</ns1:defaultValue>
        </ns1:parameterInfo>
        <ns1:parameterInfo>
          <ns1:parameterName>longestMatchOnly</ns1:parameterName>
          <ns1:parameterLabel>longestMatchOnly</ns1:parameterLabel>
          <ns1:parameterDescription>Should this gazetteer only match the longest string starting from any offset?</ns1:parameterDescription>
          <ns1:parameterType>boolean</ns1:parameterType>
          <ns1:optional>false</ns1:optional>
          <ns1:multiValue>false</ns1:multiValue>
          <ns1:defaultValue>true</ns1:defaultValue>
        </ns1:parameterInfo>
        <ns1:parameterInfo>
          <ns1:parameterName>wholeWordsOnly</ns1:parameterName>
          <ns1:parameterLabel>wholeWordsOnly</ns1:parameterLabel>
          <ns1:parameterDescription>Should this gazetteer only match whole words?</ns1:parameterDescription>
          <ns1:parameterType>boolean</ns1:parameterType>
          <ns1:optional>false</ns1:optional>
          <ns1:multiValue>false</ns1:multiValue>
          <ns1:defaultValue>true</ns1:defaultValue>
        </ns1:parameterInfo>
        <ns1:parameterInfo>
          <ns1:parameterName>listsURL</ns1:parameterName>
          <ns1:parameterLabel>listsURL</ns1:parameterLabel>
          <ns1:parameterDescription>The URL to the file with list of lists</ns1:parameterDescription>
          <ns1:parameterType>other</ns1:parameterType>
          <ns1:optional>false</ns1:optional>
          <ns1:multiValue>false</ns1:multiValue>
          <ns1:defaultValue>resources/gazetteer/lists.def</ns1:defaultValue>
        </ns1:parameterInfo>
        <ns1:parameterInfo>
          <ns1:parameterName>document</ns1:parameterName>
          <ns1:parameterLabel>document</ns1:parameterLabel>
          <ns1:parameterDescription>The document to process</ns1:parameterDescription>
          <ns1:parameterType>other</ns1:parameterType>
          <ns1:optional>false</ns1:optional>
          <ns1:multiValue>false</ns1:multiValue>
        </ns1:parameterInfo>
        <ns1:parameterInfo>
          <ns1:parameterName>corpus</ns1:parameterName>
          <ns1:parameterLabel>corpus</ns1:parameterLabel>
          <ns1:parameterDescription>The corpus containing the document to process</ns1:parameterDescription>
          <ns1:parameterType>other</ns1:parameterType>
          <ns1:optional>true</ns1:optional>
          <ns1:multiValue>false</ns1:multiValue>
        </ns1:parameterInfo>
      </ns1:parameterInfos>
    </ns1:inputContentResourceInfo>
    <ns1:componentCreationInfo>
      <ns1:framework>GATE</ns1:framework>
      <ns1:implementationLanguage>Java</ns1:implementationLanguage>
    </ns1:componentCreationInfo>
  </ns1:componentInfo>
</ns1:componentMetadataRecord>
