<?xml version="1.0" encoding="UTF-8"?>
<ns1:componentMetadataRecord xmlns:xsi="http://www.w3.org/2001/XMLSchema-instance" xmlns:ns1="http://www.meta-share.org/OMTD-SHARE_XMLSchema" xsi:schemaLocation="http://www.meta-share.org/OMTD-SHARE_XMLSchema http://www.meta-share.org/OMTD-SHARE_XMLSchema/v200/OMTD-SHARE-Component.xsd">
  <ns1:componentInfo>
    <ns1:resourceType>component</ns1:resourceType>
    <ns1:identificationInfo>
      <ns1:resourceNames>
        <ns1:resourceName>Document Reset PR</ns1:resourceName>
      </ns1:resourceNames>
      <ns1:descriptions>
        <ns1:description>Remove named annotation sets or reset the default annotation set</ns1:description>
      </ns1:descriptions>
      <ns1:resourceIdentifiers>
        <ns1:resourceIdentifier resourceIdentifierSchemeName="maven">mvn:uk.ac.gate.plugins:annie:8.5-SNAPSHOT#gate.creole.annotdelete.AnnotationDeletePR</ns1:resourceIdentifier>
      </ns1:resourceIdentifiers>
      <ns1:public>false</ns1:public>
    </ns1:identificationInfo>
    <ns1:versionInfo>
      <ns1:version>8.5-SNAPSHOT</ns1:version>
    </ns1:versionInfo>
    <ns1:contactInfo>
      <ns1:landingPage>http://gate.ac.uk</ns1:landingPage>
      <ns1:contactGroups>
        <ns1:contactGroup>
          <ns1:groupNames>
            <ns1:groupName>GATE</ns1:groupName>
          </ns1:groupNames>
          <ns1:affiliatedOrganization>
            <ns1:organizationNames>
              <ns1:organizationName>GATE</ns1:organizationName>
            </ns1:organizationNames>
          </ns1:affiliatedOrganization>
        </ns1:contactGroup>
      </ns1:contactGroups>
    </ns1:contactInfo>
    <ns1:resourceCreationInfo>
      <ns1:resourceCreators>
        <ns1:resourceCreator>
          <ns1:relatedPerson>
            <ns1:names>
              <ns1:name>GATE Team</ns1:name>
            </ns1:names>
            <ns1:communicationInfo>
              <ns1:emails>
                <ns1:email>gate-developers@lists.sourceforge.net</ns1:email>
              </ns1:emails>
            </ns1:communicationInfo>
          </ns1:relatedPerson>
        </ns1:resourceCreator>
      </ns1:resourceCreators>
    </ns1:resourceCreationInfo>
    <ns1:componentType>other</ns1:componentType>
    <ns1:application>false</ns1:application>
    <ns1:distributionInfos>
      <ns1:componentDistributionInfo>
        <ns1:componentLoc>
          <ns1:componentDistributionForm>executableCode</ns1:componentDistributionForm>
          <ns1:distributionURL>mvn:uk.ac.gate.plugins:annie:8.5-SNAPSHOT#gate.creole.annotdelete.AnnotationDeletePR</ns1:distributionURL>
        </ns1:componentLoc>
        <ns1:command>gate.creole.annotdelete.AnnotationDeletePR</ns1:command>
        <ns1:operatingSystems>
          <ns1:operatingSystem>os-independent</ns1:operatingSystem>
        </ns1:operatingSystems>
        <ns1:rightsInfo>
          <ns1:licenceInfos>
            <ns1:licenceInfo>
              <ns1:licence>LGPL-3.0</ns1:licence>
            </ns1:licenceInfo>
          </ns1:licenceInfos>
        </ns1:rightsInfo>
      </ns1:componentDistributionInfo>
    </ns1:distributionInfos>
    <ns1:inputContentResourceInfo>
      <ns1:processingResourceTypes>
        <ns1:processingResourceType>document</ns1:processingResourceType>
      </ns1:processingResourceTypes>
      <ns1:parameterInfos>
        <ns1:parameterInfo>
          <ns1:parameterName>annotationTypes</ns1:parameterName>
          <ns1:parameterLabel>annotationTypes</ns1:parameterLabel>
          <ns1:parameterDescription>The annotation types to delete otherwise delete all</ns1:parameterDescription>
          <ns1:parameterType>string</ns1:parameterType>
          <ns1:optional>true</ns1:optional>
          <ns1:multiValue>true</ns1:multiValue>
        </ns1:parameterInfo>
        <ns1:parameterInfo>
          <ns1:parameterName>setsToRemove</ns1:parameterName>
          <ns1:parameterLabel>setsToRemove</ns1:parameterLabel>
          <ns1:parameterDescription>A list of annotation set names to reset/remove. If non-empty, ignore the parameters which specify what to keep</ns1:parameterDescription>
          <ns1:parameterType>string</ns1:parameterType>
          <ns1:optional>true</ns1:optional>
          <ns1:multiValue>true</ns1:multiValue>
        </ns1:parameterInfo>
        <ns1:parameterInfo>
          <ns1:parameterName>setsToKeep</ns1:parameterName>
          <ns1:parameterLabel>setsToKeep</ns1:parameterLabel>
          <ns1:parameterDescription>The annotation sets to keep otherwise delete all</ns1:parameterDescription>
          <ns1:parameterType>string</ns1:parameterType>
          <ns1:optional>true</ns1:optional>
          <ns1:multiValue>true</ns1:multiValue>
          <ns1:defaultValue>Key</ns1:defaultValue>
        </ns1:parameterInfo>
        <ns1:parameterInfo>
          <ns1:parameterName>keepOriginalMarkupsAS</ns1:parameterName>
          <ns1:parameterLabel>keepOriginalMarkupsAS</ns1:parameterLabel>
          <ns1:parameterDescription>Should we keep the 'Original markups' annotation set?</ns1:parameterDescription>
          <ns1:parameterType>boolean</ns1:parameterType>
          <ns1:optional>true</ns1:optional>
          <ns1:multiValue>false</ns1:multiValue>
          <ns1:defaultValue>true</ns1:defaultValue>
        </ns1:parameterInfo>
        <ns1:parameterInfo>
          <ns1:parameterName>document</ns1:parameterName>
          <ns1:parameterLabel>document</ns1:parameterLabel>
          <ns1:parameterDescription>The document to process</ns1:parameterDescription>
          <ns1:parameterType>other</ns1:parameterType>
          <ns1:optional>false</ns1:optional>
          <ns1:multiValue>false</ns1:multiValue>
        </ns1:parameterInfo>
        <ns1:parameterInfo>
          <ns1:parameterName>corpus</ns1:parameterName>
          <ns1:parameterLabel>corpus</ns1:parameterLabel>
          <ns1:parameterDescription>The corpus containing the document to process</ns1:parameterDescription>
          <ns1:parameterType>other</ns1:parameterType>
          <ns1:optional>true</ns1:optional>
          <ns1:multiValue>false</ns1:multiValue>
        </ns1:parameterInfo>
      </ns1:parameterInfos>
    </ns1:inputContentResourceInfo>
    <ns1:componentCreationInfo>
      <ns1:framework>GATE</ns1:framework>
      <ns1:implementationLanguage>Java</ns1:implementationLanguage>
    </ns1:componentCreationInfo>
  </ns1:componentInfo>
</ns1:componentMetadataRecord>
