<?xml version="1.0" encoding="UTF-8"?>
<ms:languageDescriptionMetadataRecord xsi:schemaLocation="http://www.meta-share.org/OMTD-SHARE_XMLSchema http://www.meta-share.org/OMTD-SHARE_XMLSchema/v302/OMTD-SHARE-LanguageDescription.xsd" xmlns:ms="http://www.meta-share.org/OMTD-SHARE_XMLSchema" xmlns:xsi="http://www.w3.org/2001/XMLSchema-instance">
	<ms:languageDescriptionInfo>
		<ms:resourceType>languageDescription</ms:resourceType>
		<ms:identificationInfo>
			<ms:resourceNames>
				<ms:resourceName lang="en">Stanford parser - factored - German</ms:resourceName>
			</ms:resourceNames>
			<ms:descriptions>
				<ms:description lang="en"> ML model for the Stanford parser - factored variant - for German</ms:description>
			</ms:descriptions>
			<ms:resourceIdentifiers>
				<ms:resourceIdentifier resourceIdentifierSchemeName="OMTD">Identifier to be created automatically by OpenMinTeD</ms:resourceIdentifier>
        <ms:resourceIdentifier resourceIdentifierSchemeName="maven">mvn:de.tudarmstadt.ukp.dkpro.core:de.tudarmstadt.ukp.dkpro.core.stanfordnlp-model-parser-de-factored:20150129.1#de/tudarmstadt/ukp/dkpro/core/stanfordnlp/lib/ner-en-all.3class.distsim.crf.properties</ms:resourceIdentifier>
			</ms:resourceIdentifiers>
			<ms:public>false</ms:public>
		</ms:identificationInfo>
		<ms:versionInfo>
			<ms:version>20150129.1</ms:version>
			<ms:versionDate>20150129</ms:versionDate>
		</ms:versionInfo>
		<ms:contactInfo>
			<ms:contactPoint>https://dkpro.github.io/dkpro-core/releases/1.8.0/docs/model-reference.html#model-de.tudarmstadt.ukp.dkpro.core.stanfordnlp-model-parser-de-factored91</ms:contactPoint>
			<ms:contactType>landingPage</ms:contactType>
		</ms:contactInfo>
		<ms:distributionInfos>
			<ms:datasetDistributionInfo>
				<ms:distributionMedium>downloadable</ms:distributionMedium>
				<ms:distributionLocation>mvn:de.tudarmstadt.ukp.dkpro.core:de.tudarmstadt.ukp.dkpro.core.stanfordnlp-model-parser-de-factored:20150129.1#de/tudarmstadt/ukp/dkpro/core/stanfordnlp/lib/ner-en-all.3class.distsim.crf.properties</ms:distributionLocation>
				<ms:sizes>
					<ms:sizeInfo>
						<ms:size>1</ms:size>
						<ms:sizeUnit>files</ms:sizeUnit>
					</ms:sizeInfo>
				</ms:sizes>
				<ms:textFormats>
					<ms:textFormatInfo>
							<ms:dataFormatInfo>
				<ms:dataFormat>http://w3id.org/meta-share/omtd-share/PtbCombined</ms:dataFormat>
			</ms:dataFormatInfo>
					</ms:textFormatInfo>
				</ms:textFormats>
			</ms:datasetDistributionInfo>
		</ms:distributionInfos>
		<ms:rightsInfo>
			<ms:licenceInfos>
				<ms:licenceInfo>
					<ms:licence>GPL-3.0</ms:licence>
				</ms:licenceInfo>
			</ms:licenceInfos>
			<ms:rightsStatement>openAccess</ms:rightsStatement>
		</ms:rightsInfo>
		<ms:languageDescriptionType>mlModel</ms:languageDescriptionType>
		<ms:modelOperationInfo>
			<ms:variant>factored</ms:variant>
			<ms:tagsets>
			<ms:tagset>
				<ms:resourceNames>
					<ms:resourceName>POS.STTS</ms:resourceName>
				</ms:resourceNames>
			</ms:tagset>
			<ms:tagset>
				<ms:resourceNames>
					<ms:resourceName>Constituents.NEGRA</ms:resourceName>
				</ms:resourceNames>
			</ms:tagset>
			</ms:tagsets>
		</ms:modelOperationInfo>
		<ms:languageDescriptionEncodingInfo>
			<ms:encodingLevels>
				<ms:encodingLevel>morphology</ms:encodingLevel>
				<ms:encodingLevel>syntax</ms:encodingLevel>
			</ms:encodingLevels>
		</ms:languageDescriptionEncodingInfo>
		<ms:languageDescriptionTextInfo>
			<ms:mediaType>text</ms:mediaType>
			<ms:lingualityInfo>
				<ms:lingualityType>monolingual</ms:lingualityType>
			</ms:lingualityInfo>
			<ms:languages>
				<ms:languageInfo>
					<ms:language>de</ms:language>
				</ms:languageInfo>
			</ms:languages>
		</ms:languageDescriptionTextInfo>
	</ms:languageDescriptionInfo>
</ms:languageDescriptionMetadataRecord>
