<?xml version="1.0" encoding="UTF-8"?>
<ms:languageDescriptionMetadataRecord xsi:schemaLocation="http://www.meta-share.org/OMTD-SHARE_XMLSchema http://www.meta-share.org/OMTD-SHARE_XMLSchema/v302/OMTD-SHARE-LanguageDescription.xsd" xmlns:ms="http://www.meta-share.org/OMTD-SHARE_XMLSchema" xmlns:xsi="http://www.w3.org/2001/XMLSchema-instance">
	<ms:languageDescriptionInfo>
		<ms:resourceType>languageDescription</ms:resourceType>
		<ms:identificationInfo>
			<ms:resourceNames>
				<ms:resourceName lang="en">Named Entity Model for German, Politics - Stanford variant</ms:resourceName>
			</ms:resourceNames>
			<ms:descriptions>
				<ms:description lang="en"> The Named Entity Model for German, Politics (NEMGP) is a collection of texts from Wikipedia and WikiNews, manually annotated with named entity information. The NEMGP can be used to create models for machine-learning based tools like OpenNLP or the Stanford Named Entity Recognizer. For creating the NEMGP, only free available text resources from Wikipedia and WikiNews were used. If you need more information, please contact me. But please be patient: this is a hobby project!</ms:description>
			</ms:descriptions>
				<ms:resourceShortName>NEMGP-Stanford</ms:resourceShortName>
			<ms:resourceIdentifiers>
				<ms:resourceIdentifier resourceIdentifierSchemeName="OMTD">Identifier to be created automatically by OpenMinTeD</ms:resourceIdentifier>
			</ms:resourceIdentifiers>
			<ms:public>false</ms:public>
		</ms:identificationInfo>
		<ms:versionInfo>
			<ms:version>v20141024</ms:version>
			<ms:versionDate>20141024</ms:versionDate>
		</ms:versionInfo>
		<ms:contactInfo>
			<ms:contactPoint>https://www.thomas-zastrow.de/nlp/</ms:contactPoint>
			<ms:contactType>landingPage</ms:contactType>
		</ms:contactInfo>
		<ms:distributionInfos>
			<ms:datasetDistributionInfo>
					<ms:distributionMedium>downloadable</ms:distributionMedium>
					<ms:distributionLocation>http://www.thomas-zastrow.de/nlp/nemgp_stanford_01.gz</ms:distributionLocation>
					<ms:sizes>
						<ms:sizeInfo>
							<ms:size>1</ms:size>
							<ms:sizeUnit>files</ms:sizeUnit>
						</ms:sizeInfo>
					</ms:sizes>
					<ms:textFormats>
						<ms:textFormatInfo>
							<ms:dataFormatInfo>
								<ms:dataFormat>http://w3id.org/meta-share/omtd-share/DkproTokenized</ms:dataFormat>
							</ms:dataFormatInfo>
						</ms:textFormatInfo>
					</ms:textFormats>
			</ms:datasetDistributionInfo>
		</ms:distributionInfos>
				<ms:rightsInfo>
					<ms:licenceInfos>
						<ms:licenceInfo>
							<ms:licence>CC-BY-SA-3.0</ms:licence>
						</ms:licenceInfo>
					</ms:licenceInfos>
					<ms:rightsStatement>openAccess</ms:rightsStatement>
					<ms:attributionText>NEMGP - Named Entity Model for German, Politics von Thomas Zastrow ist lizenziert unter einer Creative Commons Namensnennung - Weitergabe unter gleichen Bedingungen 3.0 Unported Lizenz.</ms:attributionText>
				</ms:rightsInfo>
		<ms:resourceCreationInfo>
			<ms:resourceCreators>
				<ms:resourceCreator>
				<ms:actorType>person</ms:actorType>
				<ms:relatedPerson>
						<ms:surname>Zastrow</ms:surname>
						<ms:givenName>Thomas</ms:givenName>
				</ms:relatedPerson>
				</ms:resourceCreator>
			</ms:resourceCreators>
		</ms:resourceCreationInfo>
		<ms:languageDescriptionType>mlModel</ms:languageDescriptionType>
		<ms:modelOperationInfo>
			<ms:variant>nemgp</ms:variant>
			<ms:trainingCorpusDetails>Free available text resources from Wikipedia and WikiNews</ms:trainingCorpusDetails>
		</ms:modelOperationInfo>
		<ms:languageDescriptionEncodingInfo>
			<ms:encodingLevels>
				<ms:encodingLevel>semantics</ms:encodingLevel>
			</ms:encodingLevels>
		</ms:languageDescriptionEncodingInfo>
			<ms:languageDescriptionTextInfo>
				<ms:mediaType>text</ms:mediaType>
				<ms:lingualityInfo>
					<ms:lingualityType>monolingual</ms:lingualityType>
				</ms:lingualityInfo>
				<ms:languages>
					<ms:languageInfo>
						<ms:language>de</ms:language>
					</ms:languageInfo>
				</ms:languages>
				<ms:domains>
						<ms:domain classificationSchemeName="other">politics</ms:domain>
				</ms:domains>
				<ms:creationInfo>
					<ms:originalSources>
						<ms:hasOriginalSource>
							<ms:resourceNames>
								<ms:resourceName lang="en">Wikipedia</ms:resourceName>
							</ms:resourceNames>
						</ms:hasOriginalSource>
						<ms:hasOriginalSource>
							<ms:resourceNames>
								<ms:resourceName lang="en">WikiNews</ms:resourceName>
						</ms:resourceNames>
						</ms:hasOriginalSource>
					</ms:originalSources>
					<ms:creationMode>automatic</ms:creationMode>
				</ms:creationInfo>
			</ms:languageDescriptionTextInfo>
	</ms:languageDescriptionInfo>
</ms:languageDescriptionMetadataRecord>
