<ms:lcrMetadataRecord xmlns:ms="http://www.meta-share.org/OMTD-SHARE_XMLSchema" xmlns:xsi="http://www.w3.org/2001/XMLSchema-instance" xsi:schemaLocation="http://www.meta-share.org/OMTD-SHARE_XMLSchema http://www.meta-share.org/OMTD-SHARE_XMLSchema/v302/OMTD-SHARE-LexicalConceptualResource.xsd">
	<ms:metadataHeaderInfo>
		<ms:metadataRecordIdentifier metadataIdentifierSchemeName="URN">md_id</ms:metadataRecordIdentifier>
		<ms:metadataCreationDate>2017-09-26</ms:metadataCreationDate>
		<ms:metadataCreators>
			<ms:metadataCreator>
				<ms:surname>Jiakang Chang</ms:surname>
				<ms:communicationInfo>
					<ms:emails>
						<ms:email>jkchang@ebi.ac.uk</ms:email>
					</ms:emails>
				</ms:communicationInfo>
			</ms:metadataCreator>
			<ms:metadataCreator>
				<ms:surname>Gareth Owen</ms:surname>
				<ms:communicationInfo>
					<ms:emails>
						<ms:email>gowen@ebi.ac.uk</ms:email>
					</ms:emails>
				</ms:communicationInfo>
			</ms:metadataCreator>
		</ms:metadataCreators>
	</ms:metadataHeaderInfo>
	<ms:lexicalConceptualResourceInfo>
		<ms:resourceType>lexicalConceptualResource</ms:resourceType>
		<ms:identificationInfo>
			<ms:resourceNames>
				<ms:resourceName lang="en">National Center for Biotechnology Information taxonomy</ms:resourceName>
			</ms:resourceNames>
			<ms:descriptions>
				<ms:description lang="en">A curated classification and nomenclature for all of the organisms in the public sequence databases. (This currently represents about 10% of the described species of life on the planet.)</ms:description>
			</ms:descriptions>
			<ms:resourceShortName>NCBI taxonomy</ms:resourceShortName>
			<ms:resourceIdentifiers>
				<ms:resourceIdentifier resourceIdentifierSchemeName="other" ms:schemeURI="https://www.ebi.ac.uk/miriam/">MIR:00000006</ms:resourceIdentifier>
			</ms:resourceIdentifiers>
			<ms:public>false</ms:public>
		</ms:identificationInfo>
		<ms:versionInfo>
			<ms:version>1.0.0</ms:version>
		</ms:versionInfo>
		<ms:contactInfo>
			<ms:contactPoint>https://www.ncbi.nlm.nih.gov/taxonomy</ms:contactPoint>
			<ms:contactType>landingPage</ms:contactType>
		</ms:contactInfo>
		<ms:distributionInfos>
			<ms:datasetDistributionInfo>
				<ms:distributionMedium>downloadable</ms:distributionMedium>
				<ms:distributionLocation>ftp://ftp.ncbi.nih.gov/pub/taxonomy</ms:distributionLocation>
				<ms:sizes>
					<ms:sizeInfo>
						<ms:size>536,324</ms:size>
						<ms:sizeUnit>terms</ms:sizeUnit>
					</ms:sizeInfo>
				</ms:sizes>
				<ms:textFormats>
					<ms:textFormatInfo>
						<ms:dataFormatInfo>
							<ms:dataFormat>http://w3id.org/meta-share/omtd-share/Xml</ms:dataFormat>
						</ms:dataFormatInfo>
					</ms:textFormatInfo>
				</ms:textFormats>
			</ms:datasetDistributionInfo>
		</ms:distributionInfos>
		<ms:rightsInfo>
			<ms:licenceInfos>
				<ms:licenceInfo>
					<ms:licence>NLM</ms:licence>
				</ms:licenceInfo>
			</ms:licenceInfos>
			<ms:rightsStatement>restrictedAccess</ms:rightsStatement>
		</ms:rightsInfo>
		<ms:resourceDocumentations>
		<ms:resourceDocumentationInfo>
		<ms:documentationDescription>Database resources of the National Center for Biotechnology Information. Sayers EW, Barrett T, Benson DA, Bryant SH, Canese K, Chetvernin V, Church DM, DiCuccio M, Edgar R, Federhen S, Feolo M, Geer LY, Helmberg W, Kapustin Y, Landsman D, Lipman DJ, Madden TL, Maglott DR, Miller V, Mizrachi I, Ostell J, Pruitt KD, Schuler GD, Sequeira E, Sherry ST, Shumway M, Sirotkin K, Souvorov A, Starchenko G, Tatusova TA, Wagner L, Yaschenko E, Ye J. Nucleic Acids Res. 2009 Jan;37(Database issue):D5-15. doi: 10.1093/nar/gkn741. Epub 2008 Oct 21. Erratum in: Nucleic Acids Res. 2009 May;37(9):3124. </ms:documentationDescription>
		<ms:documentationType>publicationForCitation</ms:documentationType>
		<ms:publicationIdentifiers>
			<ms:publicationIdentifier publicationIdentifierSchemeName="PMID">PMID:18940862</ms:publicationIdentifier>
		</ms:publicationIdentifiers>
		</ms:resourceDocumentationInfo>
		<ms:resourceDocumentationInfo>
		<ms:documentationDescription>GenBank. Benson DA1, Karsch-Mizrachi I, Lipman DJ, Ostell J, Sayers EW. . Nucleic Acids Res. 2009 Jan;37(Database issue):D26-31. doi: 10.1093/nar/gkn723. Epub 2008 Oct 21.</ms:documentationDescription>
		<ms:documentationType>publicationForCitation</ms:documentationType>
		<ms:publicationIdentifiers>
			<ms:publicationIdentifier publicationIdentifierSchemeName="PMID">PMID:18940867</ms:publicationIdentifier>
		</ms:publicationIdentifiers>
		</ms:resourceDocumentationInfo>
		</ms:resourceDocumentations>
		<ms:lexicalConceptualResourceType>terminologicalResource</ms:lexicalConceptualResourceType>
		<ms:lexicalConceptualResourceEncodingInfo>
			<ms:contentTypes>semantics-Relations-Synonyms</ms:contentTypes>
			<ms:contentTypes>semantics-Relations</ms:contentTypes>
			<ms:contentTypes>semantics-Relations-Hyponyms</ms:contentTypes>
			<ms:contentTypes>semantics-Relations-Hyperonyms</ms:contentTypes>
			<ms:contentTypes>lemma-Abbreviations</ms:contentTypes>
			<ms:contentTypes>lemma-Compounds</ms:contentTypes>
		</ms:lexicalConceptualResourceEncodingInfo>
			<ms:lexicalConceptualResourceTextInfo>
				<ms:mediaType>text</ms:mediaType>
				<ms:lingualityInfo>
					<ms:lingualityType>monolingual</ms:lingualityType>
				</ms:lingualityInfo>
				<ms:languages>
					<ms:languageInfo>
						<ms:language>en</ms:language>
					</ms:languageInfo>
				</ms:languages>
				<ms:metalanguages>
					<ms:metalanguageInfo>
						<ms:language>en</ms:language>
					</ms:metalanguageInfo>
				</ms:metalanguages>
			</ms:lexicalConceptualResourceTextInfo>
	</ms:lexicalConceptualResourceInfo>
</ms:lcrMetadataRecord>
