<ms:lcrMetadataRecord xmlns:ms="http://www.meta-share.org/OMTD-SHARE_XMLSchema" xmlns:xsi="http://www.w3.org/2001/XMLSchema-instance" xsi:schemaLocation="http://www.meta-share.org/OMTD-SHARE_XMLSchema http://www.meta-share.org/OMTD-SHARE_XMLSchema/v302/OMTD-SHARE-LexicalConceptualResource.xsd">
  <ms:metadataHeaderInfo>
    <ms:metadataRecordIdentifier metadataIdentifierSchemeName="URN">md_id</ms:metadataRecordIdentifier>
    <ms:metadataCreationDate>2017-09-26</ms:metadataCreationDate>
    <ms:metadataCreators>
       <ms:metadataCreator>
          <ms:surname>Sophie Aubin</ms:surname>
        <ms:communicationInfo>
          <ms:emails>
            <ms:email>sophie.aubin@inra.fr</ms:email>
          </ms:emails>
        </ms:communicationInfo>
      </ms:metadataCreator>
    </ms:metadataCreators>
  </ms:metadataHeaderInfo>
  <ms:lexicalConceptualResourceInfo>
    <ms:resourceType>lexicalConceptualResource</ms:resourceType>
    <ms:identificationInfo>
      <ms:resourceNames>
        <ms:resourceName lang="en">Wheat Trait Ontology</ms:resourceName>
      </ms:resourceNames>
      <ms:descriptions>
        <ms:description lang="en">WheatPhenotype is an ontology in Obo format that describes the traits of soft wheat (Triticum aestivum) and the environmental factors that affect these traits. Traits include traits of resistance, development, nutritional, baking quality, etc. Environmental factors include biotic and abiotic factors.</ms:description>
      </ms:descriptions>
        <ms:resourceShortName>WheatPhenotype</ms:resourceShortName>
      <ms:resourceIdentifiers>
        <ms:resourceIdentifier resourceIdentifierSchemeName="DOI">doi.org/10.15454/1.4382637738008071E12</ms:resourceIdentifier>
      </ms:resourceIdentifiers>
      <ms:public>false</ms:public>
    </ms:identificationInfo>
    <ms:versionInfo>
      <ms:version>1.2.0</ms:version>
    </ms:versionInfo>
    <ms:contactInfo>
	<ms:contactPoint>http://agroportal.lirmm.fr/ontologies/WHEATPHENOTYPE</ms:contactPoint>
	<ms:contactType>landingPage</ms:contactType>
      <ms:contactPersons>
        <ms:contactPerson>
          <ms:surname>Nedellec</ms:surname>
          <ms:givenName>Claire</ms:givenName>
          <ms:communicationInfo>
            <ms:emails>
              <ms:email>claire.nedellec@jouy.inra.fr</ms:email>
            </ms:emails>
          </ms:communicationInfo>
        </ms:contactPerson>
      </ms:contactPersons>
    </ms:contactInfo>
    <ms:distributionInfos>
      <ms:datasetDistributionInfo>
          <ms:distributionMedium>downloadable</ms:distributionMedium>
          <ms:distributionLocation>http://data.agroportal.lirmm.fr/ontologies/WHEATPHENOTYPE/submissions/4/download?apikey=1de0a270-29c5-4dda-b043-7c3580628cd5
          </ms:distributionLocation>
        <ms:sizes>
          <ms:sizeInfo>
            <ms:size>466</ms:size>
            <ms:sizeUnit>concepts</ms:sizeUnit>
          </ms:sizeInfo>
        </ms:sizes>        
          <ms:textFormats>
          <ms:textFormatInfo>
            <ms:dataFormatInfo>
              <ms:dataFormat>http://w3id.org/meta-share/omtd-share/Text</ms:dataFormat>
            </ms:dataFormatInfo>
          </ms:textFormatInfo>
        </ms:textFormats>
      </ms:datasetDistributionInfo>
      <ms:datasetDistributionInfo>
          <ms:distributionMedium>downloadable</ms:distributionMedium>
          <ms:distributionLocation>http://data.agroportal.lirmm.fr/ontologies/WHEATPHENOTYPE/download?apikey=1de0a270-29c5-4dda-b043-7c3580628cd5&amp;download_format=csv</ms:distributionLocation>
        <ms:sizes>
          <ms:sizeInfo>
            <ms:size>466</ms:size>
            <ms:sizeUnit>concepts</ms:sizeUnit>
          </ms:sizeInfo>
        </ms:sizes>        
        <ms:textFormats>
          <ms:textFormatInfo>
            <ms:dataFormatInfo>
              <ms:dataFormat>http://w3id.org/meta-share/omtd-share/Csv</ms:dataFormat>
            </ms:dataFormatInfo>
          </ms:textFormatInfo>
        </ms:textFormats>
      </ms:datasetDistributionInfo>
      <ms:datasetDistributionInfo>
          <ms:distributionMedium>downloadable</ms:distributionMedium>
          <ms:distributionLocation>http://data.agroportal.lirmm.fr/ontologies/WHEATPHENOTYPE/download?apikey=1de0a270-29c5-4dda-b043-7c3580628cd5&amp;download_format=rdf</ms:distributionLocation>
        <ms:sizes>
          <ms:sizeInfo>
            <ms:size>466</ms:size>
            <ms:sizeUnit>concepts</ms:sizeUnit>
          </ms:sizeInfo>
        </ms:sizes>        
        <ms:textFormats>
          <ms:textFormatInfo>
            <ms:dataFormatInfo>
              <ms:dataFormat>http://w3id.org/meta-share/omtd-share/Rdf_xml</ms:dataFormat>
            </ms:dataFormatInfo>
          </ms:textFormatInfo>
        </ms:textFormats>
        </ms:datasetDistributionInfo>
        </ms:distributionInfos>
        <ms:rightsInfo>
          <ms:licenceInfos>
            <ms:licenceInfo>
              <ms:licence>CC-BY-SA-4.0</ms:licence>
            </ms:licenceInfo>
          </ms:licenceInfos>
          <ms:rightsStatement>openAccess</ms:rightsStatement>
        </ms:rightsInfo>
        <ms:resourceDocumentations>
    <ms:resourceDocumentationInfo>
    <ms:documentationDescription>Nédellec C., Bossy R., Valsamou D., Ranoux M., Golik W., Sourdille P. (2014) Information Extraction from Bibliography for Marker-Assisted Selection in Wheat. In: Closs S., Studer R., Garoufallou E., Sicilia MA. (eds) Metadata and Semantics Research. MTSR 2014. Communications in Computer and Information Science, vol 478. Springer, Cham</ms:documentationDescription>
    <ms:documentationType>publicationForCitation</ms:documentationType>
    <ms:publicationIdentifiers>
    <ms:publicationIdentifier publicationIdentifierSchemeName="DOI">doi.org/10.15454/1.4382637738008071E12</ms:publicationIdentifier>
				</ms:publicationIdentifiers>
    </ms:resourceDocumentationInfo>
    </ms:resourceDocumentations>
    <ms:lexicalConceptualResourceType>ontology</ms:lexicalConceptualResourceType>
    <ms:lexicalConceptualResourceEncodingInfo>
      <ms:contentTypes>lemma</ms:contentTypes>
      <ms:contentTypes>semantics-Relations-Synonyms</ms:contentTypes>
      <ms:contentTypes>semantics-Relations-Hyponyms</ms:contentTypes>
      <ms:contentTypes>semantics-Relations-Hyperonyms</ms:contentTypes>
    </ms:lexicalConceptualResourceEncodingInfo>
      <ms:lexicalConceptualResourceTextInfo>
        <ms:mediaType>text</ms:mediaType>
        <ms:lingualityInfo>
          <ms:lingualityType>monolingual</ms:lingualityType>
        </ms:lingualityInfo>
        <ms:languages>
          <ms:languageInfo>
            <ms:language>en</ms:language>
          </ms:languageInfo>
        </ms:languages>
        <ms:metalanguages>
          <ms:metalanguageInfo>
            <ms:language>en</ms:language>
          </ms:metalanguageInfo>
        </ms:metalanguages>
      </ms:lexicalConceptualResourceTextInfo>
  </ms:lexicalConceptualResourceInfo>
</ms:lcrMetadataRecord>
