<?xml version="1.0" encoding="utf-8"?>
<ms:corpusMetadataRecord xsi:schemaLocation="http://www.meta-share.org/OMTD-SHARE_XMLSchema http://www.meta-share.org/OMTD-SHARE_XMLSchema/v302/OMTD-SHARE-Corpus.xsd" xmlns:ms="http://www.meta-share.org/OMTD-SHARE_XMLSchema" xmlns:xsi="http://www.w3.org/2001/XMLSchema-instance">
	<ms:corpusInfo>
		<ms:resourceType>corpus</ms:resourceType>
		<ms:identificationInfo>
			<ms:resourceNames>
				<ms:resourceName lang="en">OROSSIMO Corpus - Linguistics annotated by the ILSP Lemmatizer</ms:resourceName>
			</ms:resourceNames>
			<ms:descriptions>
				<ms:description lang="en">OROSSIMO Corpus - Linguistics annotated by the ILSP Lemmatizer. A corpus of academic discourse texts belonging to the Linguistics domain (according to the Dewey Decimal classification, DDC41 - Linguistics), annotated at structural level conformant to the XCES standard. The terms contained in the texts are included in a bilingual terminological glossary (see Orossimo terminological resource of the same domain).</ms:description>
			</ms:descriptions>
			<ms:resourceIdentifiers>
				<ms:resourceIdentifier resourceIdentifierSchemeName="OMTD">automatically assigned</ms:resourceIdentifier>
			</ms:resourceIdentifiers>
			<ms:public>false</ms:public>
		</ms:identificationInfo>
		<ms:versionInfo>
			<ms:version>v1.0.9</ms:version>
		</ms:versionInfo>
		<ms:contactInfo>
			<ms:contactPoint>penny@ilsp.gr</ms:contactPoint>
			<ms:contactType>contactEmail</ms:contactType>
			<ms:contactPersons>
				<ms:contactPerson>
					<ms:surname>Labropoulou</ms:surname>
					<ms:givenName>Penny</ms:givenName>
					<ms:communicationInfo>
						<ms:emails>
							<ms:email>penny@ilsp.gr</ms:email>
						</ms:emails>
					</ms:communicationInfo>
				</ms:contactPerson>
			</ms:contactPersons>
		</ms:contactInfo>
		<ms:datasetDistributionInfo>
			<ms:distributionMedium>downloadable</ms:distributionMedium>
			<ms:sizes>
				<ms:sizeInfo>
					<ms:size>51306</ms:size>
					<ms:sizeUnit>tokens</ms:sizeUnit>
				</ms:sizeInfo>
				<ms:sizeInfo>
					<ms:size>3.43</ms:size>
					<ms:sizeUnit>mb</ms:sizeUnit>
				</ms:sizeInfo>
			</ms:sizes>
			<ms:textFormats>
				<ms:textFormatInfo>
					<ms:dataFormatInfo>
						<ms:dataFormat>http://w3id.org/meta-share/omtd-share/Xmi</ms:dataFormat>
					</ms:dataFormatInfo>
				</ms:textFormatInfo>
			</ms:textFormats>
		</ms:datasetDistributionInfo>
		<ms:rightsInfo>
			<ms:licenceInfos>
				<ms:licenceInfo>
					<ms:licence>CC-BY-4.0</ms:licence>
				</ms:licenceInfo>
			</ms:licenceInfos>
			<ms:rightsStatement>openAccess</ms:rightsStatement>
			<ms:attributionText>The processing of OROSSIMO Corpus - Linguistics has been enabled by the clarin:el project using the ILSP Lemmatizer. Orossimo Corpus - Linguistics by ILSP/Athena RC used under CC-BY licence</ms:attributionText>
		</ms:rightsInfo>
		<ms:resourceCreationInfo>
			<ms:resourceCreators>
				<ms:resourceCreator>
					<ms:actorType>person</ms:actorType>
					<ms:relatedPerson>
						<ms:surname>Labropoulou</ms:surname>
						<ms:givenName>Penny</ms:givenName>
						<ms:communicationInfo>
							<ms:emails>
								<ms:email>penny@ilsp.gr</ms:email>
							</ms:emails>
						</ms:communicationInfo>
					</ms:relatedPerson>
				</ms:resourceCreator>
			</ms:resourceCreators>
		</ms:resourceCreationInfo>
		<ms:relations>
			<ms:relationInfo>
				<ms:relationType>isAnnotatedVersionOf</ms:relationType>
				<ms:relatedResource>
					<ms:resourceNames>
						<ms:resourceName>OROSSIMO Corpus - Linguistics</ms:resourceName>
					</ms:resourceNames>
					<ms:resourceIdentifiers>
						<ms:resourceIdentifier resourceIdentifierSchemeName="Handle">http://hdl.grnet.gr/11500/ATHENA-0000-0000-2404-3</ms:resourceIdentifier>
					</ms:resourceIdentifiers>
				</ms:relatedResource>
			</ms:relationInfo>
		</ms:relations>
		<ms:corpusSubtypeSpecificInfo>
			<ms:annotatedCorpusInfo>
				<ms:corpusSubtype>annotatedCorpus</ms:corpusSubtype>
				<ms:mediaType>text</ms:mediaType>
				<ms:lingualityInfo>
					<ms:lingualityType>monolingual</ms:lingualityType>
				</ms:lingualityInfo>
				<ms:languages>
					<ms:languageInfo>
						<ms:language>el</ms:language>
					</ms:languageInfo>
				</ms:languages>
				<ms:annotations>
					<ms:annotationInfo>
						<ms:annotationTypes>
							<ms:annotationTypeInfo>
								<ms:annotationType>http://w3id.org/meta-share/omtd-share/Token</ms:annotationType>
							</ms:annotationTypeInfo>
							<ms:annotationTypeInfo>
								<ms:annotationType>http://w3id.org/meta-share/omtd-share/Sentence</ms:annotationType>
							</ms:annotationTypeInfo>
						</ms:annotationTypes>
						<ms:annotationMode>automatic</ms:annotationMode>
						<ms:isAnnotatedBy>
							<ms:resourceNames>
								<ms:resourceName>ILSP Sentence splitter and tokenizer for Greek text</ms:resourceName>
							</ms:resourceNames>
						</ms:isAnnotatedBy>
					</ms:annotationInfo>
					<ms:annotationInfo>
						<ms:annotationTypes>
							<ms:annotationTypeInfo>
								<ms:annotationType>http://w3id.org/meta-share/omtd-share/PartOfSpeech</ms:annotationType>
							</ms:annotationTypeInfo>
						</ms:annotationTypes>
						<ms:typesystem>
							<ms:resourceNames>
								<ms:resourceName>ILSP/PAROLE tagset</ms:resourceName>
							</ms:resourceNames>
						</ms:typesystem>
						<ms:annotationMode>automatic</ms:annotationMode>
						<ms:isAnnotatedBy>
							<ms:resourceNames>
								<ms:resourceName>ILSP Feature-based multi-tiered POS Tagger</ms:resourceName>
							</ms:resourceNames>
						</ms:isAnnotatedBy>
						<ms:annotationDate>
							<ms:date>
								<ms:year>2017</ms:year>
							</ms:date>
						</ms:annotationDate>
					</ms:annotationInfo>
					<ms:annotationInfo>
						<ms:annotationTypes>
							<ms:annotationTypeInfo>
								<ms:annotationType>http://w3id.org/meta-share/omtd-share/Lemma</ms:annotationType>
							</ms:annotationTypeInfo>
						</ms:annotationTypes>
						<ms:annotationMode>automatic</ms:annotationMode>
						<ms:isAnnotatedBy>
							<ms:resourceNames>
								<ms:resourceName>ILSP Lemmatizer</ms:resourceName>
							</ms:resourceNames>
						</ms:isAnnotatedBy>
					</ms:annotationInfo>
				</ms:annotations>
				<ms:domains>
					<ms:domainInfo>
						<ms:domain classificationSchemeName="DDC">linguisticsDDC410</ms:domain>
					</ms:domainInfo>
				</ms:domains>
			</ms:annotatedCorpusInfo>
		</ms:corpusSubtypeSpecificInfo>
	</ms:corpusInfo>
</ms:corpusMetadataRecord>
