<?xml version="1.0" encoding="UTF-8"?>
<ms:corpusMetadataRecord xsi:schemaLocation="http://www.meta-share.org/OMTD-SHARE_XMLSchema http://www.meta-share.org/OMTD-SHARE_XMLSchema/v302/OMTD-SHARE-Corpus.xsd" xmlns:ms="http://www.meta-share.org/OMTD-SHARE_XMLSchema" xmlns:xsi="http://www.w3.org/2001/XMLSchema-instance">
	<ms:corpusInfo>
		<ms:resourceType>corpus</ms:resourceType>
		<ms:identificationInfo>
			<ms:resourceNames>
				<ms:resourceName lang="en">Sample biodomain corpus for demo</ms:resourceName>
			</ms:resourceNames>
			<ms:descriptions>
				<ms:description lang="en">A small corpus consisting of 20 PDF files in English randomly selected from PMC for demo purposes.</ms:description>
			</ms:descriptions>
			<ms:resourceShortName>Demo corpus OMTD3</ms:resourceShortName>
			<ms:resourceIdentifiers>
				<ms:resourceIdentifier resourceIdentifierSchemeName="OMTD">OMTD3</ms:resourceIdentifier>
			</ms:resourceIdentifiers>
			<ms:public>false</ms:public>
		</ms:identificationInfo>
		<ms:versionInfo>
			<ms:version>1.0.0</ms:version>
		</ms:versionInfo>
		<ms:contactInfo>
			<ms:contactPoint>penny@ilsp.gr</ms:contactPoint>
			<ms:contactType>contactEmail</ms:contactType>
			<ms:contactPersons>
				<ms:contactPerson>
					<ms:surname>Labropoulou</ms:surname>
					<ms:givenName>Penny</ms:givenName>
					<ms:personIdentifiers>
						<ms:personIdentifier personIdentifierSchemeName="ORCID">0000-0001-5123-7890</ms:personIdentifier>
					</ms:personIdentifiers>
					<ms:communicationInfo>
						<ms:emails>
							<ms:email>penny@ilsp.gr</ms:email>
						</ms:emails>
					</ms:communicationInfo>
					<ms:affiliation>
						<ms:position>Senior researcher</ms:position>
						<ms:affiliatedOrganization>
							<ms:organizationNames>
								<ms:organizationName lang="en">Athena RC</ms:organizationName>
							</ms:organizationNames>
							<ms:departmentNames>
								<ms:departmentName lang="en">Institute for Language and Speech Processing</ms:departmentName>
							</ms:departmentNames>
						</ms:affiliatedOrganization>
					</ms:affiliation>
				</ms:contactPerson>
			</ms:contactPersons>
		</ms:contactInfo>
			<ms:datasetDistributionInfo>
				<ms:distributionMedium>downloadable</ms:distributionMedium>
				<ms:distributionLocation>www.openminted.eu</ms:distributionLocation>
				<ms:sizes>
					<ms:sizeInfo>
						<ms:size>20</ms:size>
						<ms:sizeUnit>files</ms:sizeUnit>
					</ms:sizeInfo>
				</ms:sizes>
				<ms:textFormats>
				<ms:textFormatInfo>
					<ms:dataFormatInfo>
						<ms:dataFormat>http://w3id.org/meta-share/omtd-share/Pdf</ms:dataFormat>
					</ms:dataFormatInfo>
				</ms:textFormatInfo>
				</ms:textFormats>
				<ms:characterEncodings>
					<ms:characterEncodingInfo>
						<ms:characterEncoding>UTF-8</ms:characterEncoding>
					</ms:characterEncodingInfo>
				</ms:characterEncodings>
			</ms:datasetDistributionInfo>
		<ms:rightsInfo>
			<ms:licenceInfos>
				<ms:licenceInfo>
					<ms:licence>CC-BY-4.0</ms:licence>
				</ms:licenceInfo>
				<ms:licenceInfo>
					<ms:licence>nonStandardLicenceTerms</ms:licence>
					<ms:nonStandardLicenceName>CC-BY-2.0</ms:nonStandardLicenceName>
					<ms:nonStandardLicenceTermsURL>https://creativecommons.org/licenses/by/2.0/</ms:nonStandardLicenceTermsURL>
				</ms:licenceInfo>
				<ms:licenceInfo>
					<ms:licence>CC-BY-NC-ND-4.0</ms:licence>
				</ms:licenceInfo>
			</ms:licenceInfos>
			<ms:rightsStatement>openAccess</ms:rightsStatement>
			<ms:attributionText>Demo corpus OMTD2 created by Athena RC from OpenAIRE publications which are licensed under  CC-BY-4.0, CC-BY-NC-ND-4.0 and CC-BY-2.0</ms:attributionText>
		</ms:rightsInfo>
		<ms:resourceCreationInfo>
			<ms:resourceCreators>
				<ms:resourceCreator>
					<ms:actorType>person</ms:actorType>
					<ms:relatedPerson>
						<ms:surname>Gkirtzou</ms:surname>
						<ms:givenName>Katerina</ms:givenName>
						<ms:personIdentifiers>
							<ms:personIdentifier personIdentifierSchemeName="ORCID">0000-0002-4725-3094</ms:personIdentifier>
						</ms:personIdentifiers>
						<ms:communicationInfo>
							<ms:emails>
								<ms:email>katerina.gkirtzou@ilsp.gr</ms:email>
							</ms:emails>
						</ms:communicationInfo>
					</ms:relatedPerson>
				</ms:resourceCreator>
			</ms:resourceCreators>
			<ms:fundingProjects>
				<ms:fundingProject>
					<ms:projectNames>
						<ms:projectName lang="en">Open Mining INfrastructure for TExt and Data</ms:projectName>
					</ms:projectNames>
					<ms:projectShortNames>
						<ms:projectShortName lang="en">OpenMinTeD</ms:projectShortName>
					</ms:projectShortNames>
					<ms:projectIdentifiers>
						<ms:projectIdentifier projectIdentifierSchemeName="EU-2020">654021</ms:projectIdentifier>
					</ms:projectIdentifiers>
					<ms:webpages>
						<ms:webpage>www.openminted.eu</ms:webpage>
					</ms:webpages>
					<ms:funders>
						<ms:funder>
							<ms:organizationNames>
								<ms:organizationName lang="en">EU</ms:organizationName>
							</ms:organizationNames>
						</ms:funder>
					</ms:funders>
					<ms:fundingTypes>
						<ms:fundingType>euFunds</ms:fundingType>
					</ms:fundingTypes>
					<ms:fundingProgramme>H2020</ms:fundingProgramme>
				</ms:fundingProject>
			</ms:fundingProjects>
			<ms:creationDate>
				<ms:date>
					<ms:day>30</ms:day>
					<ms:month>5</ms:month>
					<ms:year>2017</ms:year>
				</ms:date>
			</ms:creationDate>
		</ms:resourceCreationInfo>
		<ms:corpusSubtypeSpecificInfo>
			<ms:rawCorpusInfo>
				<ms:corpusSubtype>rawCorpus</ms:corpusSubtype>
				<ms:mediaType>text</ms:mediaType>
				<ms:lingualityInfo>
					<ms:lingualityType>bilingual</ms:lingualityType>
				</ms:lingualityInfo>
				<ms:languages>
					<ms:languageInfo>
						<ms:language>en</ms:language>
					</ms:languageInfo>
				</ms:languages>
				<ms:domains>
					<ms:domainInfo>
						<ms:domain classificationSchemeName="other">Biology</ms:domain>
					</ms:domainInfo>
				</ms:domains>
				<ms:creationInfo>
					<ms:originalSources>
						<ms:hasOriginalSource>
							<ms:resourceNames>
								<ms:resourceName lang="en">publications from PMC</ms:resourceName>
							</ms:resourceNames>
						</ms:hasOriginalSource>
					</ms:originalSources>
					<ms:creationMode>manual</ms:creationMode>
					<ms:creationModeDetails>randomly selected</ms:creationModeDetails>
				</ms:creationInfo>
			</ms:rawCorpusInfo>
		</ms:corpusSubtypeSpecificInfo>
	</ms:corpusInfo>
</ms:corpusMetadataRecord>
