<?xml version="1.0" encoding="UTF-8"?>
<ms:corpusMetadataRecord xsi:schemaLocation="http://www.meta-share.org/OMTD-SHARE_XMLSchema http://www.meta-share.org/OMTD-SHARE_XMLSchema/v302/OMTD-SHARE-Corpus.xsd" xmlns:ms="http://www.meta-share.org/OMTD-SHARE_XMLSchema" xmlns:xsi="http://www.w3.org/2001/XMLSchema-instance">
<ms:corpusInfo>
<ms:resourceType>corpus</ms:resourceType>
	<ms:identificationInfo>
	<ms:resourceNames>
		<ms:resourceName lang="el">Σώμα κειμένων Ορόσημο</ms:resourceName>
		<ms:resourceName lang="en">OROSSIMO Corpus</ms:resourceName>
	</ms:resourceNames>
	<ms:descriptions>
		<ms:description lang="en">A corpus of academic discourse texts belonging to the various domains, annotated at structural level conformant to the XCES standard. The terms contained in the texts are included in bilingual terminological glossaries (see Orossimo terminological resources).</ms:description>
		<ms:description lang="el">Πρόκειται για σώμα κειμένων ακαδημαϊκού λόγου από διάφορους γνωστικούς τομείς (π.χ. αρχαιολογία, ιατρική, πληροφορική κτλ.), τα οποία είναι τεκμηριωμένα σε δομικό επίπεδο σύμφωνα με το πρότυπο XCES. Για κάθε τομέα διατίθεται και αντίστοιχος δίγλωσσος ορολογικός πόρος (βλ. Ορολογικοί πόροι Ορόσημο).</ms:description>
	</ms:descriptions>
		<ms:resourceIdentifiers>
		<ms:resourceIdentifier resourceIdentifierSchemeName="OMTD">automatically defined</ms:resourceIdentifier>
		<ms:resourceIdentifier resourceIdentifierSchemeName="Handle">http://hdl.grnet.gr/11500/ATHENA-0000-0000-2410-5</ms:resourceIdentifier>
	</ms:resourceIdentifiers>
	<ms:public>false</ms:public>
	</ms:identificationInfo>
	<ms:versionInfo>
		<ms:version>v1.0.0</ms:version>
	</ms:versionInfo>
	<ms:contactInfo>
		<ms:contactPoint>www.clarin.gr</ms:contactPoint>
		<ms:contactType>landingPage</ms:contactType>
		<ms:contactPersons>
		<ms:contactPerson>
		<ms:surname>Labropoulou</ms:surname>
		<ms:givenName>Penny</ms:givenName>
		<ms:communicationInfo>
		<ms:emails>
			<ms:email>penny@ilsp.gr</ms:email>
		</ms:emails>
		</ms:communicationInfo>
		<ms:affiliation>
		<ms:position>Senior Research Fellow</ms:position>
			<ms:affiliatedOrganization>
				<ms:organizationNames>
					<ms:organizationName>Athena RC</ms:organizationName>
				</ms:organizationNames>
			</ms:affiliatedOrganization>
		</ms:affiliation>
	</ms:contactPerson>
	</ms:contactPersons>
	</ms:contactInfo>
	<ms:datasetDistributionInfo>
			<ms:distributionMedium>downloadable</ms:distributionMedium>
			<ms:sizes>
				<ms:sizeInfo>
					<ms:size>2,591,671</ms:size>
					<ms:sizeUnit>tokens</ms:sizeUnit>
				</ms:sizeInfo>
			</ms:sizes>
			<ms:textFormats>
				<ms:textFormatInfo>
					<ms:dataFormatInfo>
						<ms:dataFormat>http://w3id.org/meta-share/omtd-share/Xces</ms:dataFormat>
					</ms:dataFormatInfo>
				</ms:textFormatInfo>
			</ms:textFormats>
	</ms:datasetDistributionInfo>
<ms:rightsInfo>
	<ms:licenceInfos>
		<ms:licenceInfo>
			<ms:licence>CC-BY-4.0</ms:licence>
		</ms:licenceInfo>
		</ms:licenceInfos>
		<ms:rightsStatement>openAccess</ms:rightsStatement>
			<ms:attributionText>Orossimo Corpus by ILSP/Athena RC used under CC-BY licence</ms:attributionText>
		</ms:rightsInfo>
		<ms:resourceDocumentations>
	<ms:resourceDocumentationInfo>
		<ms:documentationDescription>@inproceedings{mantzari__1999,
	address = {Θεσσαλονίκη, Ελλάδα},
	title = {Συλλογή ηλεκτρονικών ορολογικών πόρων: μεθοδολογία και αποτελέσματα},
	abstract = {This paper aims at presenting a first attempt at collecting electronic terminological resources, i.e. digitised scientific and technical texts and their terms, in the framework of the {OROSSIMO} project, which was undertaken at {ILSP.} First, we present the methodology used for the collection of the resources. The approach adopted utilises methodological practices originating in the field of corpus-based linguistics. Finally, the results of the collection process, classification and organisation of the textual and terminological data are presented and analysed.},
	booktitle = {Πρακτικά 20ης Συνάντησης Εργασίας, Τομέας Γλωσσολογίας, Αριστοτέλειο Πανεπιστήμιο Θεσσαλονίκης},
	author = {Mantzari, Elena and Gavrilidou, Maria and Labropoulou, Penny and Carayannis, George},
	year = {1999},
}</ms:documentationDescription>
<ms:documentationType>publicationForCitation</ms:documentationType>
	</ms:resourceDocumentationInfo>			
			</ms:resourceDocumentations>
	<ms:resourceCreationInfo>
	<ms:resourceCreators>
		<ms:resourceCreator>
			<ms:actorType>organization</ms:actorType>
			<ms:relatedOrganization>
				<ms:organizationNames>
					<ms:organizationName>Athena RC</ms:organizationName>
				</ms:organizationNames>
			</ms:relatedOrganization>
		</ms:resourceCreator>
	</ms:resourceCreators>
	</ms:resourceCreationInfo>			
	<ms:usageInfo>
<ms:intendedApplications>
<ms:intendedApplication>annotation</ms:intendedApplication>
</ms:intendedApplications>
	</ms:usageInfo>
	<ms:relations>
	<ms:relationInfo>
		<ms:relationType>hasAnnotatedVersion</ms:relationType>
		<ms:relatedResource>
			<ms:resourceNames>
				<ms:resourceName>Orossimo annotated</ms:resourceName>
			</ms:resourceNames>
		</ms:relatedResource>
	</ms:relationInfo>
	<ms:relationInfo>
		<ms:relationType>hasPart</ms:relationType>
		<ms:relatedResource>
			<ms:resourceNames>
				<ms:resourceName>Orossimo - astronomy</ms:resourceName>
			</ms:resourceNames>
		</ms:relatedResource>
		</ms:relationInfo>
	<ms:relationInfo>
		<ms:relationType>hasPart</ms:relationType>
		<ms:relatedResource>
			<ms:resourceNames>
				<ms:resourceName>Orossimo - physics</ms:resourceName>
			</ms:resourceNames>
		</ms:relatedResource>
	</ms:relationInfo>
		<ms:relationInfo>
		<ms:relationType>hasPart</ms:relationType>
		<ms:relatedResource>
			<ms:resourceNames>
				<ms:resourceName>Orossimo - physics</ms:resourceName>
			</ms:resourceNames>
		</ms:relatedResource>
		</ms:relationInfo>
	</ms:relations>
	<ms:corpusSubtypeSpecificInfo>
		<ms:annotatedCorpusInfo>
			<ms:corpusSubtype>annotatedCorpus</ms:corpusSubtype>
			<ms:mediaType>text</ms:mediaType>
			<ms:lingualityInfo>
				<ms:lingualityType>monolingual</ms:lingualityType>
			</ms:lingualityInfo>
			<ms:languages>
				<ms:languageInfo>
					<ms:language>el</ms:language>
				</ms:languageInfo>
			</ms:languages>
			<ms:annotations>
				<ms:annotationInfo>
					<ms:annotationTypes>
						<ms:annotationTypeInfo>
							<ms:annotationType>http://w3id.org/meta-share/omtd-share/Token</ms:annotationType>
						</ms:annotationTypeInfo>
					</ms:annotationTypes>
				</ms:annotationInfo>
			</ms:annotations>
			<ms:domains>
					<ms:domainInfo>
						<ms:domain classificationSchemeName="DDC">computerScienceInformationGeneralWorksDDC000</ms:domain>
					</ms:domainInfo>
					<ms:domainInfo>
						<ms:domain classificationSchemeName="DDC">socialSciencesDDC300</ms:domain>
					</ms:domainInfo>
					<ms:domainInfo>
						<ms:domain classificationSchemeName="DDC">economicsDDC330</ms:domain>
					</ms:domainInfo>
					<ms:domainInfo>
						<ms:domain classificationSchemeName="DDC">lawDDC340</ms:domain>
					</ms:domainInfo>
					<ms:domainInfo>
						<ms:domain classificationSchemeName="DDC">photographyComputerArtFilmVideoDDC770</ms:domain>
					</ms:domainInfo>
					<ms:domainInfo>
						<ms:domain classificationSchemeName="DDC">linguisticsDDC410</ms:domain>
					</ms:domainInfo>
					<ms:domainInfo>
						<ms:domain classificationSchemeName="DDC">astrononmyDDC520</ms:domain>
					</ms:domainInfo>
					<ms:domainInfo>
						<ms:domain classificationSchemeName="DDC">biologyDDC570</ms:domain>
					</ms:domainInfo>
					<ms:domainInfo>
						<ms:domain classificationSchemeName="DDC">medicineHealthDDC610</ms:domain>
					</ms:domainInfo>
					<ms:domainInfo>
						<ms:domain classificationSchemeName="DDC">engineeringDDC620</ms:domain>
					</ms:domainInfo>
					<ms:domainInfo>
						<ms:domain classificationSchemeName="DDC">historyDDC900</ms:domain>
					</ms:domainInfo>
					<ms:domainInfo>
						<ms:domain classificationSchemeName="DDC">earthSciencesGeologyDDC550</ms:domain>
					</ms:domainInfo>
			</ms:domains>





			
					</ms:annotatedCorpusInfo>
	</ms:corpusSubtypeSpecificInfo>
		</ms:corpusInfo>
</ms:corpusMetadataRecord>