<?xml version="1.0" encoding="UTF-8"?>
<ns1:componentMetadataRecord xmlns:xsi="http://www.w3.org/2001/XMLSchema-instance" xmlns:ns1="http://www.meta-share.org/OMTD-SHARE_XMLSchema" xsi:schemaLocation="http://www.meta-share.org/OMTD-SHARE_XMLSchema http://www.meta-share.org/OMTD-SHARE_XMLSchema/v200/OMTD-SHARE-Component.xsd">
  <ns1:componentInfo>
    <ns1:resourceType>component</ns1:resourceType>
    <ns1:identificationInfo>
      <ns1:resourceNames>
        <ns1:resourceName>ICU Segmenter</ns1:resourceName>
      </ns1:resourceNames>
      <ns1:descriptions>
        <ns1:description>ICU segmenter.</ns1:description>
      </ns1:descriptions>
      <ns1:resourceIdentifiers>
        <ns1:resourceIdentifier resourceIdentifierSchemeName="maven">mvn:de.tudarmstadt.ukp.dkpro.core:de.tudarmstadt.ukp.dkpro.core.icu-asl:1.9.0-SNAPSHOT#de.tudarmstadt.ukp.dkpro.core.icu.IcuSegmenter</ns1:resourceIdentifier>
      </ns1:resourceIdentifiers>
      <ns1:public>false</ns1:public>
    </ns1:identificationInfo>
    <ns1:versionInfo>
      <ns1:version>1.9.0-SNAPSHOT</ns1:version>
    </ns1:versionInfo>
    <ns1:contactInfo>
      <ns1:landingPage>https://dkpro.github.io/dkpro-core/de.tudarmstadt.ukp.dkpro.core.icu-asl/</ns1:landingPage>
      <ns1:contactGroups>
        <ns1:contactGroup>
          <ns1:groupNames>
            <ns1:groupName>DKPro Core Project</ns1:groupName>
          </ns1:groupNames>
        </ns1:contactGroup>
        <ns1:contactGroup>
          <ns1:groupNames>
            <ns1:groupName>Ubiquitous Knowledge Processing (UKP) Lab, Technische Universität Darmstadt</ns1:groupName>
          </ns1:groupNames>
          <ns1:affiliatedOrganization>
            <ns1:organizationNames>
              <ns1:organizationName>Ubiquitous Knowledge Processing (UKP) Lab, Technische Universität Darmstadt</ns1:organizationName>
            </ns1:organizationNames>
          </ns1:affiliatedOrganization>
        </ns1:contactGroup>
      </ns1:contactGroups>
      <ns1:mailingLists>
        <ns1:mailingListInfo>
          <ns1:mailingListName>DKPro Core user mailing list</ns1:mailingListName>
          <ns1:subscribe>dkpro-core-user+subscribe@googlegroups.com</ns1:subscribe>
          <ns1:unsubscribe>dkpro-core-user+unsubscribe@googlegroups.com</ns1:unsubscribe>
          <ns1:post>dkpro-core-user@googlegroups.com</ns1:post>
          <ns1:archive>https://groups.google.com/forum/#!forum/dkpro-core-user</ns1:archive>
        </ns1:mailingListInfo>
        <ns1:mailingListInfo>
          <ns1:mailingListName>DKPro Core developer mailing list</ns1:mailingListName>
          <ns1:subscribe>dkpro-core-developers+subscribe@googlegroups.com</ns1:subscribe>
          <ns1:unsubscribe>dkpro-core-developers+unsubscribe@googlegroups.com</ns1:unsubscribe>
          <ns1:post>dkpro-core-developers@googlegroups.com</ns1:post>
          <ns1:archive>https://groups.google.com/forum/#!forum/dkpro-core-developers</ns1:archive>
        </ns1:mailingListInfo>
      </ns1:mailingLists>
    </ns1:contactInfo>
    <ns1:application>false</ns1:application>
    <ns1:distributionInfos>
      <ns1:componentDistributionInfo>
        <ns1:componentLoc>
          <ns1:componentDistributionForm>executableCode</ns1:componentDistributionForm>
          <ns1:distributionURL>mvn:de.tudarmstadt.ukp.dkpro.core:de.tudarmstadt.ukp.dkpro.core.icu-asl:1.9.0-SNAPSHOT#de.tudarmstadt.ukp.dkpro.core.icu.IcuSegmenter</ns1:distributionURL>
        </ns1:componentLoc>
        <ns1:command>de.tudarmstadt.ukp.dkpro.core.icu.IcuSegmenter</ns1:command>
        <ns1:operatingSystems>
          <ns1:operatingSystem>os-independent</ns1:operatingSystem>
        </ns1:operatingSystems>
        <ns1:rightsInfo>
          <ns1:licenceInfos>
            <ns1:licenceInfo>
              <ns1:licence>Apache-2.0</ns1:licence>
            </ns1:licenceInfo>
          </ns1:licenceInfos>
        </ns1:rightsInfo>
        <ns1:copyrightStatements>
          <ns1:copyrightStatement>Copyright 2007-2017
                            Ubiquitous Knowledge Processing (UKP) Lab
                            Technische Universität Darmstadt</ns1:copyrightStatement>
        </ns1:copyrightStatements>
      </ns1:componentDistributionInfo>
    </ns1:distributionInfos>
    <ns1:inputContentResourceInfo>
      <ns1:languages>
        <ns1:language>
          <ns1:languageTag>af</ns1:languageTag>
        </ns1:language>
        <ns1:language>
          <ns1:languageTag>ak</ns1:languageTag>
        </ns1:language>
        <ns1:language>
          <ns1:languageTag>am</ns1:languageTag>
        </ns1:language>
        <ns1:language>
          <ns1:languageTag>ar</ns1:languageTag>
        </ns1:language>
        <ns1:language>
          <ns1:languageTag>as</ns1:languageTag>
        </ns1:language>
        <ns1:language>
          <ns1:languageTag>az</ns1:languageTag>
        </ns1:language>
        <ns1:language>
          <ns1:languageTag>be</ns1:languageTag>
        </ns1:language>
        <ns1:language>
          <ns1:languageTag>bg</ns1:languageTag>
        </ns1:language>
        <ns1:language>
          <ns1:languageTag>bm</ns1:languageTag>
        </ns1:language>
        <ns1:language>
          <ns1:languageTag>bn</ns1:languageTag>
        </ns1:language>
        <ns1:language>
          <ns1:languageTag>bo</ns1:languageTag>
        </ns1:language>
        <ns1:language>
          <ns1:languageTag>br</ns1:languageTag>
        </ns1:language>
        <ns1:language>
          <ns1:languageTag>bs</ns1:languageTag>
        </ns1:language>
        <ns1:language>
          <ns1:languageTag>ca</ns1:languageTag>
        </ns1:language>
        <ns1:language>
          <ns1:languageTag>ce</ns1:languageTag>
        </ns1:language>
        <ns1:language>
          <ns1:languageTag>cs</ns1:languageTag>
        </ns1:language>
        <ns1:language>
          <ns1:languageTag>cy</ns1:languageTag>
        </ns1:language>
        <ns1:language>
          <ns1:languageTag>da</ns1:languageTag>
        </ns1:language>
        <ns1:language>
          <ns1:languageTag>de</ns1:languageTag>
        </ns1:language>
        <ns1:language>
          <ns1:languageTag>dz</ns1:languageTag>
        </ns1:language>
        <ns1:language>
          <ns1:languageTag>ee</ns1:languageTag>
        </ns1:language>
        <ns1:language>
          <ns1:languageTag>el</ns1:languageTag>
        </ns1:language>
        <ns1:language>
          <ns1:languageTag>en</ns1:languageTag>
        </ns1:language>
        <ns1:language>
          <ns1:languageTag>eo</ns1:languageTag>
        </ns1:language>
        <ns1:language>
          <ns1:languageTag>es</ns1:languageTag>
        </ns1:language>
        <ns1:language>
          <ns1:languageTag>et</ns1:languageTag>
        </ns1:language>
        <ns1:language>
          <ns1:languageTag>eu</ns1:languageTag>
        </ns1:language>
        <ns1:language>
          <ns1:languageTag>fa</ns1:languageTag>
        </ns1:language>
        <ns1:language>
          <ns1:languageTag>ff</ns1:languageTag>
        </ns1:language>
        <ns1:language>
          <ns1:languageTag>fi</ns1:languageTag>
        </ns1:language>
        <ns1:language>
          <ns1:languageTag>fo</ns1:languageTag>
        </ns1:language>
        <ns1:language>
          <ns1:languageTag>fr</ns1:languageTag>
        </ns1:language>
        <ns1:language>
          <ns1:languageTag>fy</ns1:languageTag>
        </ns1:language>
        <ns1:language>
          <ns1:languageTag>ga</ns1:languageTag>
        </ns1:language>
        <ns1:language>
          <ns1:languageTag>gd</ns1:languageTag>
        </ns1:language>
        <ns1:language>
          <ns1:languageTag>gl</ns1:languageTag>
        </ns1:language>
        <ns1:language>
          <ns1:languageTag>gu</ns1:languageTag>
        </ns1:language>
        <ns1:language>
          <ns1:languageTag>gv</ns1:languageTag>
        </ns1:language>
        <ns1:language>
          <ns1:languageTag>ha</ns1:languageTag>
        </ns1:language>
        <ns1:language>
          <ns1:languageTag>hi</ns1:languageTag>
        </ns1:language>
        <ns1:language>
          <ns1:languageTag>hr</ns1:languageTag>
        </ns1:language>
        <ns1:language>
          <ns1:languageTag>hu</ns1:languageTag>
        </ns1:language>
        <ns1:language>
          <ns1:languageTag>hy</ns1:languageTag>
        </ns1:language>
        <ns1:language>
          <ns1:languageTag>ig</ns1:languageTag>
        </ns1:language>
        <ns1:language>
          <ns1:languageTag>ii</ns1:languageTag>
        </ns1:language>
        <ns1:language>
          <ns1:languageTag>in</ns1:languageTag>
        </ns1:language>
        <ns1:language>
          <ns1:languageTag>is</ns1:languageTag>
        </ns1:language>
        <ns1:language>
          <ns1:languageTag>it</ns1:languageTag>
        </ns1:language>
        <ns1:language>
          <ns1:languageTag>iw</ns1:languageTag>
        </ns1:language>
        <ns1:language>
          <ns1:languageTag>ja</ns1:languageTag>
        </ns1:language>
        <ns1:language>
          <ns1:languageTag>ji</ns1:languageTag>
        </ns1:language>
        <ns1:language>
          <ns1:languageTag>ka</ns1:languageTag>
        </ns1:language>
        <ns1:language>
          <ns1:languageTag>ki</ns1:languageTag>
        </ns1:language>
        <ns1:language>
          <ns1:languageTag>kk</ns1:languageTag>
        </ns1:language>
        <ns1:language>
          <ns1:languageTag>kl</ns1:languageTag>
        </ns1:language>
        <ns1:language>
          <ns1:languageTag>km</ns1:languageTag>
        </ns1:language>
        <ns1:language>
          <ns1:languageTag>kn</ns1:languageTag>
        </ns1:language>
        <ns1:language>
          <ns1:languageTag>ko</ns1:languageTag>
        </ns1:language>
        <ns1:language>
          <ns1:languageTag>ks</ns1:languageTag>
        </ns1:language>
        <ns1:language>
          <ns1:languageTag>kw</ns1:languageTag>
        </ns1:language>
        <ns1:language>
          <ns1:languageTag>ky</ns1:languageTag>
        </ns1:language>
        <ns1:language>
          <ns1:languageTag>lb</ns1:languageTag>
        </ns1:language>
        <ns1:language>
          <ns1:languageTag>lg</ns1:languageTag>
        </ns1:language>
        <ns1:language>
          <ns1:languageTag>ln</ns1:languageTag>
        </ns1:language>
        <ns1:language>
          <ns1:languageTag>lo</ns1:languageTag>
        </ns1:language>
        <ns1:language>
          <ns1:languageTag>lt</ns1:languageTag>
        </ns1:language>
        <ns1:language>
          <ns1:languageTag>lu</ns1:languageTag>
        </ns1:language>
        <ns1:language>
          <ns1:languageTag>lv</ns1:languageTag>
        </ns1:language>
        <ns1:language>
          <ns1:languageTag>mg</ns1:languageTag>
        </ns1:language>
        <ns1:language>
          <ns1:languageTag>mk</ns1:languageTag>
        </ns1:language>
        <ns1:language>
          <ns1:languageTag>ml</ns1:languageTag>
        </ns1:language>
        <ns1:language>
          <ns1:languageTag>mn</ns1:languageTag>
        </ns1:language>
        <ns1:language>
          <ns1:languageTag>mr</ns1:languageTag>
        </ns1:language>
        <ns1:language>
          <ns1:languageTag>ms</ns1:languageTag>
        </ns1:language>
        <ns1:language>
          <ns1:languageTag>mt</ns1:languageTag>
        </ns1:language>
        <ns1:language>
          <ns1:languageTag>my</ns1:languageTag>
        </ns1:language>
        <ns1:language>
          <ns1:languageTag>nb</ns1:languageTag>
        </ns1:language>
        <ns1:language>
          <ns1:languageTag>nd</ns1:languageTag>
        </ns1:language>
        <ns1:language>
          <ns1:languageTag>ne</ns1:languageTag>
        </ns1:language>
        <ns1:language>
          <ns1:languageTag>nl</ns1:languageTag>
        </ns1:language>
        <ns1:language>
          <ns1:languageTag>nn</ns1:languageTag>
        </ns1:language>
        <ns1:language>
          <ns1:languageTag>om</ns1:languageTag>
        </ns1:language>
        <ns1:language>
          <ns1:languageTag>or</ns1:languageTag>
        </ns1:language>
        <ns1:language>
          <ns1:languageTag>os</ns1:languageTag>
        </ns1:language>
        <ns1:language>
          <ns1:languageTag>pa</ns1:languageTag>
        </ns1:language>
        <ns1:language>
          <ns1:languageTag>pl</ns1:languageTag>
        </ns1:language>
        <ns1:language>
          <ns1:languageTag>ps</ns1:languageTag>
        </ns1:language>
        <ns1:language>
          <ns1:languageTag>pt</ns1:languageTag>
        </ns1:language>
        <ns1:language>
          <ns1:languageTag>qu</ns1:languageTag>
        </ns1:language>
        <ns1:language>
          <ns1:languageTag>rm</ns1:languageTag>
        </ns1:language>
        <ns1:language>
          <ns1:languageTag>rn</ns1:languageTag>
        </ns1:language>
        <ns1:language>
          <ns1:languageTag>ro</ns1:languageTag>
        </ns1:language>
        <ns1:language>
          <ns1:languageTag>ru</ns1:languageTag>
        </ns1:language>
        <ns1:language>
          <ns1:languageTag>rw</ns1:languageTag>
        </ns1:language>
        <ns1:language>
          <ns1:languageTag>se</ns1:languageTag>
        </ns1:language>
        <ns1:language>
          <ns1:languageTag>sg</ns1:languageTag>
        </ns1:language>
        <ns1:language>
          <ns1:languageTag>si</ns1:languageTag>
        </ns1:language>
        <ns1:language>
          <ns1:languageTag>sk</ns1:languageTag>
        </ns1:language>
        <ns1:language>
          <ns1:languageTag>sl</ns1:languageTag>
        </ns1:language>
        <ns1:language>
          <ns1:languageTag>sn</ns1:languageTag>
        </ns1:language>
        <ns1:language>
          <ns1:languageTag>so</ns1:languageTag>
        </ns1:language>
        <ns1:language>
          <ns1:languageTag>sq</ns1:languageTag>
        </ns1:language>
        <ns1:language>
          <ns1:languageTag>sr</ns1:languageTag>
        </ns1:language>
        <ns1:language>
          <ns1:languageTag>sv</ns1:languageTag>
        </ns1:language>
        <ns1:language>
          <ns1:languageTag>sw</ns1:languageTag>
        </ns1:language>
        <ns1:language>
          <ns1:languageTag>ta</ns1:languageTag>
        </ns1:language>
        <ns1:language>
          <ns1:languageTag>te</ns1:languageTag>
        </ns1:language>
        <ns1:language>
          <ns1:languageTag>th</ns1:languageTag>
        </ns1:language>
        <ns1:language>
          <ns1:languageTag>ti</ns1:languageTag>
        </ns1:language>
        <ns1:language>
          <ns1:languageTag>to</ns1:languageTag>
        </ns1:language>
        <ns1:language>
          <ns1:languageTag>tr</ns1:languageTag>
        </ns1:language>
        <ns1:language>
          <ns1:languageTag>ug</ns1:languageTag>
        </ns1:language>
        <ns1:language>
          <ns1:languageTag>uk</ns1:languageTag>
        </ns1:language>
        <ns1:language>
          <ns1:languageTag>ur</ns1:languageTag>
        </ns1:language>
        <ns1:language>
          <ns1:languageTag>uz</ns1:languageTag>
        </ns1:language>
        <ns1:language>
          <ns1:languageTag>vi</ns1:languageTag>
        </ns1:language>
        <ns1:language>
          <ns1:languageTag>yo</ns1:languageTag>
        </ns1:language>
        <ns1:language>
          <ns1:languageTag>zh</ns1:languageTag>
        </ns1:language>
        <ns1:language>
          <ns1:languageTag>zu</ns1:languageTag>
        </ns1:language>
      </ns1:languages>
      <ns1:parameterInfos>
        <ns1:parameterInfo>
          <ns1:parameterName>splitAtApostrophe</ns1:parameterName>
          <ns1:parameterLabel>splitAtApostrophe</ns1:parameterLabel>
          <ns1:parameterDescription>Per default, the segmenter does not split off contractions like John's into two
tokens. When this parameter is enabled, a non-default token split is generated when an
apostrophe (') is encountered.</ns1:parameterDescription>
          <ns1:parameterType>boolean</ns1:parameterType>
          <ns1:optional>false</ns1:optional>
          <ns1:multiValue>false</ns1:multiValue>
          <ns1:defaultValue>false</ns1:defaultValue>
        </ns1:parameterInfo>
        <ns1:parameterInfo>
          <ns1:parameterName>zoneTypes</ns1:parameterName>
          <ns1:parameterLabel>zoneTypes</ns1:parameterLabel>
          <ns1:parameterDescription>A list of type names used for zoning.</ns1:parameterDescription>
          <ns1:parameterType>string</ns1:parameterType>
          <ns1:optional>true</ns1:optional>
          <ns1:multiValue>true</ns1:multiValue>
          <ns1:defaultValue>de.tudarmstadt.ukp.dkpro.core.api.segmentation.type.Div</ns1:defaultValue>
        </ns1:parameterInfo>
        <ns1:parameterInfo>
          <ns1:parameterName>strictZoning</ns1:parameterName>
          <ns1:parameterLabel>strictZoning</ns1:parameterLabel>
          <ns1:parameterDescription>Strict zoning causes the segmentation to be applied only within the
boundaries of a zone annotation. This works only if a single zone type
is specified (the zone annotations should NOT overlap) or if no zone
type is specified - in which case the whole document is taken as a zone.
If strict zoning is turned off, multiple zone types can be specified.
A list of all zone boundaries (start and end) is created and segmentation
happens between them.</ns1:parameterDescription>
          <ns1:parameterType>boolean</ns1:parameterType>
          <ns1:optional>false</ns1:optional>
          <ns1:multiValue>false</ns1:multiValue>
          <ns1:defaultValue>false</ns1:defaultValue>
        </ns1:parameterInfo>
        <ns1:parameterInfo>
          <ns1:parameterName>language</ns1:parameterName>
          <ns1:parameterLabel>language</ns1:parameterLabel>
          <ns1:parameterDescription>The language.</ns1:parameterDescription>
          <ns1:parameterType>string</ns1:parameterType>
          <ns1:optional>true</ns1:optional>
          <ns1:multiValue>false</ns1:multiValue>
        </ns1:parameterInfo>
        <ns1:parameterInfo>
          <ns1:parameterName>writeToken</ns1:parameterName>
          <ns1:parameterLabel>writeToken</ns1:parameterLabel>
          <ns1:parameterDescription>Create Token annotations.</ns1:parameterDescription>
          <ns1:parameterType>boolean</ns1:parameterType>
          <ns1:optional>false</ns1:optional>
          <ns1:multiValue>false</ns1:multiValue>
          <ns1:defaultValue>true</ns1:defaultValue>
        </ns1:parameterInfo>
        <ns1:parameterInfo>
          <ns1:parameterName>writeForm</ns1:parameterName>
          <ns1:parameterLabel>writeForm</ns1:parameterLabel>
          <ns1:parameterDescription>Create TokenForm annotations.</ns1:parameterDescription>
          <ns1:parameterType>boolean</ns1:parameterType>
          <ns1:optional>false</ns1:optional>
          <ns1:multiValue>false</ns1:multiValue>
          <ns1:defaultValue>true</ns1:defaultValue>
        </ns1:parameterInfo>
        <ns1:parameterInfo>
          <ns1:parameterName>writeSentence</ns1:parameterName>
          <ns1:parameterLabel>writeSentence</ns1:parameterLabel>
          <ns1:parameterDescription>Create Sentence annotations.</ns1:parameterDescription>
          <ns1:parameterType>boolean</ns1:parameterType>
          <ns1:optional>false</ns1:optional>
          <ns1:multiValue>false</ns1:multiValue>
          <ns1:defaultValue>true</ns1:defaultValue>
        </ns1:parameterInfo>
      </ns1:parameterInfos>
    </ns1:inputContentResourceInfo>
    <ns1:outputResourceInfo></ns1:outputResourceInfo>
    <ns1:componentCreationInfo>
      <ns1:framework>UIMA</ns1:framework>
      <ns1:implementationLanguage>Java</ns1:implementationLanguage>
    </ns1:componentCreationInfo>
    <ns1:scmInfo>
      <ns1:connection>scm:git:git://github.com/dkpro/dkpro-core/de.tudarmstadt.ukp.dkpro.core.icu-asl</ns1:connection>
      <ns1:developerConnection>scm:git:git@github.com:dkpro/dkpro-core.git/de.tudarmstadt.ukp.dkpro.core.icu-asl</ns1:developerConnection>
      <ns1:tag>HEAD</ns1:tag>
      <ns1:url>https://github.com/dkpro/dkpro-core/de.tudarmstadt.ukp.dkpro.core.icu-asl</ns1:url>
    </ns1:scmInfo>
    <ns1:issueManagementInfo>
      <ns1:system>GitHub Issues</ns1:system>
      <ns1:url>https://github.com/dkpro/dkpro-core/issues</ns1:url>
    </ns1:issueManagementInfo>
  </ns1:componentInfo>
</ns1:componentMetadataRecord>
