<?xml version="1.0" encoding="UTF-8"?>
<ns1:componentMetadataRecord xmlns:xsi="http://www.w3.org/2001/XMLSchema-instance" xmlns:ns1="http://www.meta-share.org/OMTD-SHARE_XMLSchema" xsi:schemaLocation="http://www.meta-share.org/OMTD-SHARE_XMLSchema http://www.meta-share.org/OMTD-SHARE_XMLSchema/v200/OMTD-SHARE-Component.xsd">
  <ns1:componentInfo>
    <ns1:resourceType>component</ns1:resourceType>
    <ns1:identificationInfo>
      <ns1:resourceNames>
        <ns1:resourceName>UIMA Binary CAS Writer</ns1:resourceName>
      </ns1:resourceNames>
      <ns1:descriptions>
        <ns1:description>&lt;p&gt;Write CAS in one of the UIMA binary formats.&lt;/p&gt;

&lt;p&gt;All the supported formats except &lt;code&gt;6+&lt;/code&gt; can also be loaded and saved via the UIMA
CasIOUtils.&lt;/p&gt;

&lt;table&gt;
&lt;caption&gt;Supported formats&lt;/caption&gt;
&lt;tr&gt;
&lt;th&gt;Format&lt;/th&gt;
&lt;th&gt;Description&lt;/th&gt;
&lt;th&gt;Type system on load&lt;/th&gt;
&lt;th&gt;CAS Addresses preserved&lt;/th&gt;
&lt;/tr&gt;
&lt;tr&gt;
&lt;td&gt;&lt;code&gt;SERIALIZED&lt;/code&gt; or &lt;code&gt;S&lt;/code&gt;&lt;/td&gt;
&lt;td&gt;CAS structures are dumped to disc as they are using Java serialization (CASSerializer
). Because these structures are pre-allocated in memory at larger sizes than what is actually
required, files in this format may be larger than necessary. However, the CAS addresses of
feature structures are preserved in this format. When the data is loaded back into a CAS, it must
have been initialized with the same type system as the original CAS.&lt;/td&gt;
&lt;td&gt;must be the same&lt;/td&gt;
&lt;td&gt;yes&lt;/td&gt;
&lt;/tr&gt;
&lt;tr&gt;
&lt;td&gt;&lt;code&gt;SERIALIZED_TSI&lt;/code&gt; or &lt;code&gt;S+&lt;/code&gt;&lt;/td&gt;
&lt;td&gt;CAS structures are dumped to disc as they are using Java serialization as in form 0, but
now using the CASCompleteSerializer which includes CAS metadata like type system and
index repositories.&lt;/td&gt;
&lt;td&gt;is reinitialized&lt;/td&gt;
&lt;td&gt;yes&lt;/td&gt;
&lt;/tr&gt;
&lt;tr&gt;
&lt;td&gt;&lt;code&gt;BINARY&lt;/code&gt; or 0&lt;/td&gt;
&lt;td&gt;CAS structures are dumped to disc as they are using Java serialization (CASSerializer
). This is basically the same as format S but includes a UIMA header and can be read
using org.apache.uima.cas.impl.Serialization#deserializeCAS.&lt;/td&gt;
&lt;td&gt;must be the same&lt;/td&gt;
&lt;td&gt;yes&lt;/td&gt;
&lt;/tr&gt;
&lt;tr&gt;
&lt;td&gt;&lt;code&gt;BINARY_TSI&lt;/code&gt; or 0&lt;/td&gt;
&lt;td&gt;The same as &lt;code&gt;BINARY_TSI&lt;/code&gt;, except that the type system and index configuration
are also stored in the file. However, lenient loading or reinitalizing the CAS with this
information is presently not supported.&lt;/td&gt;
&lt;td&gt;must be the same&lt;/td&gt;
&lt;td&gt;yes&lt;/td&gt;
&lt;/tr&gt;
&lt;tr&gt;
&lt;td&gt;&lt;code&gt;COMPRESSED&lt;/code&gt; or &lt;code&gt;4&lt;/code&gt;&lt;/td&gt;
&lt;td&gt;
UIMA binary serialization saving all feature structures (reachable or not). This format
internally uses gzip compression and a binary representation of the CAS, making it much more
efficient than format 0.&lt;/td&gt;
&lt;td&gt;must be the same&lt;/td&gt;
&lt;td&gt;yes&lt;/td&gt;
&lt;/tr&gt;
&lt;tr&gt;
&lt;td&gt;&lt;code&gt;COMPRESSED_FILTERED&lt;/code&gt; or &lt;code&gt;6&lt;/code&gt;&lt;/td&gt;
&lt;td&gt;
UIMA binary serialization as format 4, but saving only reachable feature structures.&lt;/td&gt;
&lt;td&gt;must be the same&lt;/td&gt;
&lt;td&gt;no&lt;/td&gt;
&lt;/tr&gt;
&lt;tr&gt;
&lt;td&gt;6+&lt;/td&gt;
&lt;td&gt;
&lt;b&gt;This is a legacy format specific to DKPro Core.&lt;/b&gt; Since UIMA 2.9.0, &lt;code&gt;COMPRESSED_FILTERED_TSI&lt;/code&gt;
is supported and should be used instead of this format. UIMA binary serialization as format 6,
but also contains the type system definition. This allows the BinaryCasReader to load data
leniently into a CAS that has been initialized with a different type system.&lt;/td&gt;
&lt;td&gt;lenient loading&lt;/td&gt;
&lt;td&gt;no&lt;/td&gt;
&lt;/tr&gt;
&lt;tr&gt;
&lt;td&gt;&lt;code&gt;COMPRESSED_FILTERED_TS&lt;/code&gt;&lt;/td&gt;
&lt;td&gt;
Same as &lt;code&gt;COMPRESSED_FILTERED&lt;/code&gt;, but also contains the type system definition. This
allows the BinaryCasReader to load data leniently into a CAS that has been initialized
with a different type system.&lt;/td&gt;
&lt;td&gt;lenient loading&lt;/td&gt;
&lt;td&gt;no&lt;/td&gt;
&lt;/tr&gt;
&lt;tr&gt;
&lt;td&gt;&lt;code&gt;COMPRESSED_FILTERED_TSI&lt;/code&gt;&lt;/td&gt;
&lt;td&gt;
&lt;b&gt;Default&lt;/b&gt;. UIMA binary serialization as format 6,  but also contains the type system
definition and index definitions. This allows the BinaryCasReader to load data leniently
into a CAS that has been initialized with a different type system.&lt;/td&gt;
&lt;td&gt;lenient loading&lt;/td&gt;
&lt;td&gt;no&lt;/td&gt;
&lt;/tr&gt;
&lt;/table&gt;</ns1:description>
      </ns1:descriptions>
      <ns1:resourceIdentifiers>
        <ns1:resourceIdentifier resourceIdentifierSchemeName="maven">mvn:de.tudarmstadt.ukp.dkpro.core:de.tudarmstadt.ukp.dkpro.core.io.bincas-asl:1.9.0-SNAPSHOT#de.tudarmstadt.ukp.dkpro.core.io.bincas.BinaryCasWriter</ns1:resourceIdentifier>
      </ns1:resourceIdentifiers>
      <ns1:public>false</ns1:public>
    </ns1:identificationInfo>
    <ns1:versionInfo>
      <ns1:version>1.9.0-SNAPSHOT</ns1:version>
    </ns1:versionInfo>
    <ns1:contactInfo>
      <ns1:landingPage>https://dkpro.github.io/dkpro-core/de.tudarmstadt.ukp.dkpro.core.io.bincas-asl/</ns1:landingPage>
      <ns1:contactGroups>
        <ns1:contactGroup>
          <ns1:groupNames>
            <ns1:groupName>DKPro Core Project</ns1:groupName>
          </ns1:groupNames>
        </ns1:contactGroup>
        <ns1:contactGroup>
          <ns1:groupNames>
            <ns1:groupName>Ubiquitous Knowledge Processing (UKP) Lab, Technische Universität Darmstadt</ns1:groupName>
          </ns1:groupNames>
          <ns1:affiliatedOrganization>
            <ns1:organizationNames>
              <ns1:organizationName>Ubiquitous Knowledge Processing (UKP) Lab, Technische Universität Darmstadt</ns1:organizationName>
            </ns1:organizationNames>
          </ns1:affiliatedOrganization>
        </ns1:contactGroup>
      </ns1:contactGroups>
      <ns1:mailingLists>
        <ns1:mailingListInfo>
          <ns1:mailingListName>DKPro Core user mailing list</ns1:mailingListName>
          <ns1:subscribe>dkpro-core-user+subscribe@googlegroups.com</ns1:subscribe>
          <ns1:unsubscribe>dkpro-core-user+unsubscribe@googlegroups.com</ns1:unsubscribe>
          <ns1:post>dkpro-core-user@googlegroups.com</ns1:post>
          <ns1:archive>https://groups.google.com/forum/#!forum/dkpro-core-user</ns1:archive>
        </ns1:mailingListInfo>
        <ns1:mailingListInfo>
          <ns1:mailingListName>DKPro Core developer mailing list</ns1:mailingListName>
          <ns1:subscribe>dkpro-core-developers+subscribe@googlegroups.com</ns1:subscribe>
          <ns1:unsubscribe>dkpro-core-developers+unsubscribe@googlegroups.com</ns1:unsubscribe>
          <ns1:post>dkpro-core-developers@googlegroups.com</ns1:post>
          <ns1:archive>https://groups.google.com/forum/#!forum/dkpro-core-developers</ns1:archive>
        </ns1:mailingListInfo>
      </ns1:mailingLists>
    </ns1:contactInfo>
    <ns1:application>false</ns1:application>
    <ns1:distributionInfos>
      <ns1:componentDistributionInfo>
        <ns1:componentLoc>
          <ns1:componentDistributionForm>executableCode</ns1:componentDistributionForm>
          <ns1:distributionURL>mvn:de.tudarmstadt.ukp.dkpro.core:de.tudarmstadt.ukp.dkpro.core.io.bincas-asl:1.9.0-SNAPSHOT#de.tudarmstadt.ukp.dkpro.core.io.bincas.BinaryCasWriter</ns1:distributionURL>
        </ns1:componentLoc>
        <ns1:command>de.tudarmstadt.ukp.dkpro.core.io.bincas.BinaryCasWriter</ns1:command>
        <ns1:operatingSystems>
          <ns1:operatingSystem>os-independent</ns1:operatingSystem>
        </ns1:operatingSystems>
        <ns1:rightsInfo>
          <ns1:licenceInfos>
            <ns1:licenceInfo>
              <ns1:licence>Apache-2.0</ns1:licence>
            </ns1:licenceInfo>
          </ns1:licenceInfos>
        </ns1:rightsInfo>
        <ns1:copyrightStatements>
          <ns1:copyrightStatement>Copyright 2007-2017
                            Ubiquitous Knowledge Processing (UKP) Lab
                            Technische Universität Darmstadt</ns1:copyrightStatement>
        </ns1:copyrightStatements>
      </ns1:componentDistributionInfo>
    </ns1:distributionInfos>
    <ns1:inputContentResourceInfo>
      <ns1:parameterInfos>
        <ns1:parameterInfo>
          <ns1:parameterName>typeSystemLocation</ns1:parameterName>
          <ns1:parameterLabel>typeSystemLocation</ns1:parameterLabel>
          <ns1:parameterDescription>Location to write the type system to. The type system is saved using Java serialization, it
is not saved as a XML type system description. We recommend to use the name
typesystem.ser.
&lt;br&gt;
The #PARAM_COMPRESSION parameter has no effect on the
type system. Instead, if the type system file should be compressed or not is detected from
the file name extension (e.g. ".gz").
&lt;br&gt;
If this parameter is set, the type system and index repository are no longer serialized into
the same file as the test of the CAS. The SerializedCasReader can currently not
read such files. Use this only if you really know what you are doing.
&lt;br&gt;
This parameter has no effect if formats S+ or 6+ are used as the type system information
is embedded in each individual file. Otherwise, it is recommended that this parameter be
set unless some other mechanism is used to initialize the CAS with the same type system and
index repository during reading that was used during writing.</ns1:parameterDescription>
          <ns1:parameterType>string</ns1:parameterType>
          <ns1:optional>true</ns1:optional>
          <ns1:multiValue>false</ns1:multiValue>
        </ns1:parameterInfo>
        <ns1:parameterInfo>
          <ns1:parameterName>format</ns1:parameterName>
          <ns1:parameterLabel>format</ns1:parameterLabel>
          <ns1:parameterDescription></ns1:parameterDescription>
          <ns1:parameterType>string</ns1:parameterType>
          <ns1:optional>false</ns1:optional>
          <ns1:multiValue>false</ns1:multiValue>
          <ns1:defaultValue>COMPRESSED_FILTERED_TSI</ns1:defaultValue>
        </ns1:parameterInfo>
        <ns1:parameterInfo>
          <ns1:parameterName>filenameExtension</ns1:parameterName>
          <ns1:parameterLabel>filenameExtension</ns1:parameterLabel>
          <ns1:parameterDescription>The file extension. If this is set to AUTO, then the extension will be chosen based
on the default extension specified by the UIMA SerialFormat class. However, this
only works when using the new long format names (e.g. &lt;code&gt;COMPRESSED_FILTERED_TSI&lt;/code&gt;).
When using the old short names (e.g. &lt;code&gt;6&lt;/code&gt;), the default extension &lt;i&gt;.bin&lt;/i&gt; is
used.</ns1:parameterDescription>
          <ns1:parameterType>string</ns1:parameterType>
          <ns1:optional>false</ns1:optional>
          <ns1:multiValue>false</ns1:multiValue>
          <ns1:defaultValue>AUTO</ns1:defaultValue>
        </ns1:parameterInfo>
        <ns1:parameterInfo>
          <ns1:parameterName>targetLocation</ns1:parameterName>
          <ns1:parameterLabel>targetLocation</ns1:parameterLabel>
          <ns1:parameterDescription>Target location. If this parameter is not set, data is written to stdout.</ns1:parameterDescription>
          <ns1:parameterType>string</ns1:parameterType>
          <ns1:optional>true</ns1:optional>
          <ns1:multiValue>false</ns1:multiValue>
        </ns1:parameterInfo>
        <ns1:parameterInfo>
          <ns1:parameterName>singularTarget</ns1:parameterName>
          <ns1:parameterLabel>singularTarget</ns1:parameterLabel>
          <ns1:parameterDescription>Treat target location as a single file name. This is particularly useful if only a single
input file is processed and the result should be written to a pre-defined output file instead
of deriving the file name from the document URI or document ID. It can also be useful if
the user wishes to force multiple input files to be written to a single target file. The
latter case does not work for all formats (e.g. binary, XMI, etc.), but can be useful, e.g.
for Conll-based formats. This option has no effect if the target location points to an
archive location (ZIP/JAR). The #PARAM_COMPRESSION is respected, but does not 
automatically add an extension. The #PARAM_STRIP_EXTENSION has no effect as the
original extension is not preserved.</ns1:parameterDescription>
          <ns1:parameterType>boolean</ns1:parameterType>
          <ns1:optional>false</ns1:optional>
          <ns1:multiValue>false</ns1:multiValue>
          <ns1:defaultValue>false</ns1:defaultValue>
        </ns1:parameterInfo>
        <ns1:parameterInfo>
          <ns1:parameterName>compression</ns1:parameterName>
          <ns1:parameterLabel>compression</ns1:parameterLabel>
          <ns1:parameterDescription>Choose a compression method. (default: CompressionMethod#NONE)</ns1:parameterDescription>
          <ns1:parameterType>string</ns1:parameterType>
          <ns1:optional>true</ns1:optional>
          <ns1:multiValue>false</ns1:multiValue>
          <ns1:defaultValue>NONE</ns1:defaultValue>
        </ns1:parameterInfo>
        <ns1:parameterInfo>
          <ns1:parameterName>stripExtension</ns1:parameterName>
          <ns1:parameterLabel>stripExtension</ns1:parameterLabel>
          <ns1:parameterDescription>Remove the original extension.</ns1:parameterDescription>
          <ns1:parameterType>boolean</ns1:parameterType>
          <ns1:optional>false</ns1:optional>
          <ns1:multiValue>false</ns1:multiValue>
          <ns1:defaultValue>false</ns1:defaultValue>
        </ns1:parameterInfo>
        <ns1:parameterInfo>
          <ns1:parameterName>useDocumentId</ns1:parameterName>
          <ns1:parameterLabel>useDocumentId</ns1:parameterLabel>
          <ns1:parameterDescription>Use the document ID as file name even if a relative path information is present.</ns1:parameterDescription>
          <ns1:parameterType>boolean</ns1:parameterType>
          <ns1:optional>false</ns1:optional>
          <ns1:multiValue>false</ns1:multiValue>
          <ns1:defaultValue>false</ns1:defaultValue>
        </ns1:parameterInfo>
        <ns1:parameterInfo>
          <ns1:parameterName>escapeDocumentId</ns1:parameterName>
          <ns1:parameterLabel>escapeDocumentId</ns1:parameterLabel>
          <ns1:parameterDescription>URL-encode the document ID in the file name to avoid illegal characters (e.g. \, :, etc.)</ns1:parameterDescription>
          <ns1:parameterType>boolean</ns1:parameterType>
          <ns1:optional>false</ns1:optional>
          <ns1:multiValue>false</ns1:multiValue>
          <ns1:defaultValue>true</ns1:defaultValue>
        </ns1:parameterInfo>
        <ns1:parameterInfo>
          <ns1:parameterName>overwrite</ns1:parameterName>
          <ns1:parameterLabel>overwrite</ns1:parameterLabel>
          <ns1:parameterDescription>Allow overwriting target files (ignored when writing to ZIP archives).</ns1:parameterDescription>
          <ns1:parameterType>boolean</ns1:parameterType>
          <ns1:optional>false</ns1:optional>
          <ns1:multiValue>false</ns1:multiValue>
          <ns1:defaultValue>false</ns1:defaultValue>
        </ns1:parameterInfo>
      </ns1:parameterInfos>
    </ns1:inputContentResourceInfo>
    <ns1:outputResourceInfo></ns1:outputResourceInfo>
    <ns1:componentCreationInfo>
      <ns1:framework>UIMA</ns1:framework>
      <ns1:implementationLanguage>Java</ns1:implementationLanguage>
    </ns1:componentCreationInfo>
    <ns1:scmInfo>
      <ns1:connection>scm:git:git://github.com/dkpro/dkpro-core/de.tudarmstadt.ukp.dkpro.core.io.bincas-asl</ns1:connection>
      <ns1:developerConnection>scm:git:git@github.com:dkpro/dkpro-core.git/de.tudarmstadt.ukp.dkpro.core.io.bincas-asl</ns1:developerConnection>
      <ns1:tag>HEAD</ns1:tag>
      <ns1:url>https://github.com/dkpro/dkpro-core/de.tudarmstadt.ukp.dkpro.core.io.bincas-asl</ns1:url>
    </ns1:scmInfo>
    <ns1:issueManagementInfo>
      <ns1:system>GitHub Issues</ns1:system>
      <ns1:url>https://github.com/dkpro/dkpro-core/issues</ns1:url>
    </ns1:issueManagementInfo>
  </ns1:componentInfo>
</ns1:componentMetadataRecord>
