<?xml version="1.0" encoding="UTF-8"?>
<ns1:componentMetadataRecord xmlns:xsi="http://www.w3.org/2001/XMLSchema-instance" xmlns:ns1="http://www.meta-share.org/OMTD-SHARE_XMLSchema" xsi:schemaLocation="http://www.meta-share.org/OMTD-SHARE_XMLSchema http://www.meta-share.org/OMTD-SHARE_XMLSchema/v200/OMTD-SHARE-Component.xsd">
  <ns1:componentInfo>
    <ns1:resourceType>component</ns1:resourceType>
    <ns1:identificationInfo>
      <ns1:resourceNames>
        <ns1:resourceName>Snowball Stemmer</ns1:resourceName>
      </ns1:resourceNames>
      <ns1:descriptions>
        <ns1:description>&lt;p&gt;UIMA wrapper for the Snowball stemmer. Annotation types to be stemmed can be configured by a
FeaturePath.&lt;/p&gt;
&lt;p&gt;If you use this component in a pipeline which uses stop word removal, make sure that it
runs after the stop word removal step, so only words that are no stop words are stemmed.&lt;/p&gt;</ns1:description>
      </ns1:descriptions>
      <ns1:resourceIdentifiers>
        <ns1:resourceIdentifier resourceIdentifierSchemeName="maven">mvn:de.tudarmstadt.ukp.dkpro.core:de.tudarmstadt.ukp.dkpro.core.snowball-asl:1.9.0-SNAPSHOT#de.tudarmstadt.ukp.dkpro.core.snowball.SnowballStemmer</ns1:resourceIdentifier>
      </ns1:resourceIdentifiers>
      <ns1:public>false</ns1:public>
    </ns1:identificationInfo>
    <ns1:versionInfo>
      <ns1:version>1.9.0-SNAPSHOT</ns1:version>
    </ns1:versionInfo>
    <ns1:contactInfo>
      <ns1:landingPage>https://dkpro.github.io/dkpro-core/de.tudarmstadt.ukp.dkpro.core.snowball-asl/</ns1:landingPage>
      <ns1:contactGroups>
        <ns1:contactGroup>
          <ns1:groupNames>
            <ns1:groupName>DKPro Core Project</ns1:groupName>
          </ns1:groupNames>
        </ns1:contactGroup>
        <ns1:contactGroup>
          <ns1:groupNames>
            <ns1:groupName>Ubiquitous Knowledge Processing (UKP) Lab, Technische Universität Darmstadt</ns1:groupName>
          </ns1:groupNames>
          <ns1:affiliatedOrganization>
            <ns1:organizationNames>
              <ns1:organizationName>Ubiquitous Knowledge Processing (UKP) Lab, Technische Universität Darmstadt</ns1:organizationName>
            </ns1:organizationNames>
          </ns1:affiliatedOrganization>
        </ns1:contactGroup>
      </ns1:contactGroups>
      <ns1:mailingLists>
        <ns1:mailingListInfo>
          <ns1:mailingListName>DKPro Core user mailing list</ns1:mailingListName>
          <ns1:subscribe>dkpro-core-user+subscribe@googlegroups.com</ns1:subscribe>
          <ns1:unsubscribe>dkpro-core-user+unsubscribe@googlegroups.com</ns1:unsubscribe>
          <ns1:post>dkpro-core-user@googlegroups.com</ns1:post>
          <ns1:archive>https://groups.google.com/forum/#!forum/dkpro-core-user</ns1:archive>
        </ns1:mailingListInfo>
        <ns1:mailingListInfo>
          <ns1:mailingListName>DKPro Core developer mailing list</ns1:mailingListName>
          <ns1:subscribe>dkpro-core-developers+subscribe@googlegroups.com</ns1:subscribe>
          <ns1:unsubscribe>dkpro-core-developers+unsubscribe@googlegroups.com</ns1:unsubscribe>
          <ns1:post>dkpro-core-developers@googlegroups.com</ns1:post>
          <ns1:archive>https://groups.google.com/forum/#!forum/dkpro-core-developers</ns1:archive>
        </ns1:mailingListInfo>
      </ns1:mailingLists>
    </ns1:contactInfo>
    <ns1:application>false</ns1:application>
    <ns1:distributionInfos>
      <ns1:componentDistributionInfo>
        <ns1:componentLoc>
          <ns1:componentDistributionForm>executableCode</ns1:componentDistributionForm>
          <ns1:distributionURL>mvn:de.tudarmstadt.ukp.dkpro.core:de.tudarmstadt.ukp.dkpro.core.snowball-asl:1.9.0-SNAPSHOT#de.tudarmstadt.ukp.dkpro.core.snowball.SnowballStemmer</ns1:distributionURL>
        </ns1:componentLoc>
        <ns1:command>de.tudarmstadt.ukp.dkpro.core.snowball.SnowballStemmer</ns1:command>
        <ns1:operatingSystems>
          <ns1:operatingSystem>os-independent</ns1:operatingSystem>
        </ns1:operatingSystems>
        <ns1:rightsInfo>
          <ns1:licenceInfos>
            <ns1:licenceInfo>
              <ns1:licence>Apache-2.0</ns1:licence>
            </ns1:licenceInfo>
          </ns1:licenceInfos>
        </ns1:rightsInfo>
        <ns1:copyrightStatements>
          <ns1:copyrightStatement>Copyright 2007-2017
                            Ubiquitous Knowledge Processing (UKP) Lab
                            Technische Universität Darmstadt</ns1:copyrightStatement>
        </ns1:copyrightStatements>
      </ns1:componentDistributionInfo>
    </ns1:distributionInfos>
    <ns1:inputContentResourceInfo>
      <ns1:languages>
        <ns1:language>
          <ns1:languageTag>da</ns1:languageTag>
        </ns1:language>
        <ns1:language>
          <ns1:languageTag>nl</ns1:languageTag>
        </ns1:language>
        <ns1:language>
          <ns1:languageTag>en</ns1:languageTag>
        </ns1:language>
        <ns1:language>
          <ns1:languageTag>fi</ns1:languageTag>
        </ns1:language>
        <ns1:language>
          <ns1:languageTag>fr</ns1:languageTag>
        </ns1:language>
        <ns1:language>
          <ns1:languageTag>de</ns1:languageTag>
        </ns1:language>
        <ns1:language>
          <ns1:languageTag>hu</ns1:languageTag>
        </ns1:language>
        <ns1:language>
          <ns1:languageTag>it</ns1:languageTag>
        </ns1:language>
        <ns1:language>
          <ns1:languageTag>no</ns1:languageTag>
        </ns1:language>
        <ns1:language>
          <ns1:languageTag>pt</ns1:languageTag>
        </ns1:language>
        <ns1:language>
          <ns1:languageTag>ro</ns1:languageTag>
        </ns1:language>
        <ns1:language>
          <ns1:languageTag>ru</ns1:languageTag>
        </ns1:language>
        <ns1:language>
          <ns1:languageTag>es</ns1:languageTag>
        </ns1:language>
        <ns1:language>
          <ns1:languageTag>sv</ns1:languageTag>
        </ns1:language>
        <ns1:language>
          <ns1:languageTag>tr</ns1:languageTag>
        </ns1:language>
      </ns1:languages>
      <ns1:parameterInfos>
        <ns1:parameterInfo>
          <ns1:parameterName>language</ns1:parameterName>
          <ns1:parameterLabel>language</ns1:parameterLabel>
          <ns1:parameterDescription>Use this language instead of the document language to resolve the model.</ns1:parameterDescription>
          <ns1:parameterType>string</ns1:parameterType>
          <ns1:optional>true</ns1:optional>
          <ns1:multiValue>false</ns1:multiValue>
        </ns1:parameterInfo>
        <ns1:parameterInfo>
          <ns1:parameterName>lowerCase</ns1:parameterName>
          <ns1:parameterLabel>lowerCase</ns1:parameterLabel>
          <ns1:parameterDescription>Per default the stemmer runs in case-sensitive mode. If this parameter is enabled, tokens
are lower-cased before being passed to the stemmer.

&lt;table border="1" cellspacing="0"&gt;
&lt;caption&gt;Examples&lt;/caption&gt;
&lt;tr&gt;&lt;th&gt;&lt;/th&gt;&lt;th&gt;false (default)&lt;/th&gt;&lt;th&gt;true&lt;/th&gt;&lt;/tr&gt;
&lt;tr&gt;&lt;td&gt;EDUCATIONAL&lt;/td&gt;&lt;td&gt;EDUCATIONAL&lt;/td&gt;&lt;td&gt;educ&lt;/td&gt;&lt;/tr&gt;
&lt;tr&gt;&lt;td&gt;Educational&lt;/td&gt;&lt;td&gt;Educat&lt;/td&gt;&lt;td&gt;educ&lt;/td&gt;&lt;/tr&gt;
&lt;tr&gt;&lt;td&gt;educational&lt;/td&gt;&lt;td&gt;educ&lt;/td&gt;&lt;td&gt;educ&lt;/td&gt;&lt;/tr&gt;
&lt;/table&gt;</ns1:parameterDescription>
          <ns1:parameterType>boolean</ns1:parameterType>
          <ns1:optional>true</ns1:optional>
          <ns1:multiValue>false</ns1:multiValue>
          <ns1:defaultValue>false</ns1:defaultValue>
        </ns1:parameterInfo>
        <ns1:parameterInfo>
          <ns1:parameterName>paths</ns1:parameterName>
          <ns1:parameterLabel>paths</ns1:parameterLabel>
          <ns1:parameterDescription>Specify a path that is used for annotation. Format is de.type.name/feature/path. All type
objects will be annotated with a IndexTermAnnotation. The value of the IndexTerm is specified
by the feature path.</ns1:parameterDescription>
          <ns1:parameterType>string</ns1:parameterType>
          <ns1:optional>true</ns1:optional>
          <ns1:multiValue>true</ns1:multiValue>
        </ns1:parameterInfo>
        <ns1:parameterInfo>
          <ns1:parameterName>filterFeaturePath</ns1:parameterName>
          <ns1:parameterLabel>filterFeaturePath</ns1:parameterLabel>
          <ns1:parameterDescription>Specifies a feature path that is used in the filter. If this is set, you also have to specify
&lt;code&gt;PARAM_FILTER_CONDITION_OPERATOR&lt;/code&gt; and &lt;code&gt;PARAM_FILTER_CONDITION_VALUE&lt;/code&gt;.</ns1:parameterDescription>
          <ns1:parameterType>string</ns1:parameterType>
          <ns1:optional>true</ns1:optional>
          <ns1:multiValue>false</ns1:multiValue>
        </ns1:parameterInfo>
        <ns1:parameterInfo>
          <ns1:parameterName>filterConditionOperator</ns1:parameterName>
          <ns1:parameterLabel>filterConditionOperator</ns1:parameterLabel>
          <ns1:parameterDescription>Specifies the operator for a filtering condition.
&lt;p&gt;
It is only used if &lt;code&gt;PARAM_FILTER_FEATUREPATH&lt;/code&gt; is set.</ns1:parameterDescription>
          <ns1:parameterType>string</ns1:parameterType>
          <ns1:optional>true</ns1:optional>
          <ns1:multiValue>false</ns1:multiValue>
        </ns1:parameterInfo>
        <ns1:parameterInfo>
          <ns1:parameterName>filterConditionValue</ns1:parameterName>
          <ns1:parameterLabel>filterConditionValue</ns1:parameterLabel>
          <ns1:parameterDescription>Specifies the value for a filtering condition.
&lt;p&gt;
It is only used if &lt;code&gt;PARAM_FILTER_FEATUREPATH&lt;/code&gt; is set.</ns1:parameterDescription>
          <ns1:parameterType>string</ns1:parameterType>
          <ns1:optional>true</ns1:optional>
          <ns1:multiValue>false</ns1:multiValue>
        </ns1:parameterInfo>
      </ns1:parameterInfos>
    </ns1:inputContentResourceInfo>
    <ns1:outputResourceInfo></ns1:outputResourceInfo>
    <ns1:componentCreationInfo>
      <ns1:framework>UIMA</ns1:framework>
      <ns1:implementationLanguage>Java</ns1:implementationLanguage>
    </ns1:componentCreationInfo>
    <ns1:scmInfo>
      <ns1:connection>scm:git:git://github.com/dkpro/dkpro-core/de.tudarmstadt.ukp.dkpro.core.snowball-asl</ns1:connection>
      <ns1:developerConnection>scm:git:git@github.com:dkpro/dkpro-core.git/de.tudarmstadt.ukp.dkpro.core.snowball-asl</ns1:developerConnection>
      <ns1:tag>HEAD</ns1:tag>
      <ns1:url>https://github.com/dkpro/dkpro-core/de.tudarmstadt.ukp.dkpro.core.snowball-asl</ns1:url>
    </ns1:scmInfo>
    <ns1:issueManagementInfo>
      <ns1:system>GitHub Issues</ns1:system>
      <ns1:url>https://github.com/dkpro/dkpro-core/issues</ns1:url>
    </ns1:issueManagementInfo>
  </ns1:componentInfo>
</ns1:componentMetadataRecord>
