<?xml version="1.0" encoding="UTF-8"?>
<ns1:componentMetadataRecord xmlns:xsi="http://www.w3.org/2001/XMLSchema-instance" xmlns:ns1="http://www.meta-share.org/OMTD-SHARE_XMLSchema" xsi:schemaLocation="http://www.meta-share.org/OMTD-SHARE_XMLSchema http://www.meta-share.org/OMTD-SHARE_XMLSchema/v200/OMTD-SHARE-Component.xsd">
  <ns1:componentInfo>
    <ns1:resourceType>component</ns1:resourceType>
    <ns1:identificationInfo>
      <ns1:resourceNames>
        <ns1:resourceName>de.tudarmstadt.ukp.dkpro.core.io.negra.NegraExportReader</ns1:resourceName>
      </ns1:resourceNames>
      <ns1:descriptions>
        <ns1:description>This CollectionReader reads a file which is formatted in the NEGRA export format. The texts and
add. information like constituent structure is reproduced in CASes, one CAS per text (article) .</ns1:description>
      </ns1:descriptions>
      <ns1:resourceIdentifiers>
        <ns1:resourceIdentifier resourceIdentifierSchemeName="maven">mvn:de.tudarmstadt.ukp.dkpro.core:de.tudarmstadt.ukp.dkpro.core.io.negra-asl:1.9.0-SNAPSHOT#de.tudarmstadt.ukp.dkpro.core.io.negra.NegraExportReader</ns1:resourceIdentifier>
      </ns1:resourceIdentifiers>
      <ns1:public>false</ns1:public>
    </ns1:identificationInfo>
    <ns1:versionInfo>
      <ns1:version>1.9.0-SNAPSHOT</ns1:version>
    </ns1:versionInfo>
    <ns1:contactInfo>
      <ns1:landingPage>https://dkpro.github.io/dkpro-core/de.tudarmstadt.ukp.dkpro.core.io.negra-asl/</ns1:landingPage>
      <ns1:contactGroups>
        <ns1:contactGroup>
          <ns1:groupNames>
            <ns1:groupName>DKPro Core Project</ns1:groupName>
          </ns1:groupNames>
        </ns1:contactGroup>
        <ns1:contactGroup>
          <ns1:groupNames>
            <ns1:groupName>Ubiquitous Knowledge Processing (UKP) Lab, Technische Universität Darmstadt</ns1:groupName>
          </ns1:groupNames>
          <ns1:affiliatedOrganization>
            <ns1:organizationNames>
              <ns1:organizationName>Ubiquitous Knowledge Processing (UKP) Lab, Technische Universität Darmstadt</ns1:organizationName>
            </ns1:organizationNames>
          </ns1:affiliatedOrganization>
        </ns1:contactGroup>
      </ns1:contactGroups>
      <ns1:mailingLists>
        <ns1:mailingListInfo>
          <ns1:mailingListName>DKPro Core user mailing list</ns1:mailingListName>
          <ns1:subscribe>dkpro-core-user+subscribe@googlegroups.com</ns1:subscribe>
          <ns1:unsubscribe>dkpro-core-user+unsubscribe@googlegroups.com</ns1:unsubscribe>
          <ns1:post>dkpro-core-user@googlegroups.com</ns1:post>
          <ns1:archive>https://groups.google.com/forum/#!forum/dkpro-core-user</ns1:archive>
        </ns1:mailingListInfo>
        <ns1:mailingListInfo>
          <ns1:mailingListName>DKPro Core developer mailing list</ns1:mailingListName>
          <ns1:subscribe>dkpro-core-developers+subscribe@googlegroups.com</ns1:subscribe>
          <ns1:unsubscribe>dkpro-core-developers+unsubscribe@googlegroups.com</ns1:unsubscribe>
          <ns1:post>dkpro-core-developers@googlegroups.com</ns1:post>
          <ns1:archive>https://groups.google.com/forum/#!forum/dkpro-core-developers</ns1:archive>
        </ns1:mailingListInfo>
      </ns1:mailingLists>
    </ns1:contactInfo>
    <ns1:componentType>reader</ns1:componentType>
    <ns1:application>false</ns1:application>
    <ns1:distributionInfos>
      <ns1:componentDistributionInfo>
        <ns1:componentLoc>
          <ns1:componentDistributionForm>executableCode</ns1:componentDistributionForm>
          <ns1:distributionURL>mvn:de.tudarmstadt.ukp.dkpro.core:de.tudarmstadt.ukp.dkpro.core.io.negra-asl:1.9.0-SNAPSHOT#de.tudarmstadt.ukp.dkpro.core.io.negra.NegraExportReader</ns1:distributionURL>
        </ns1:componentLoc>
        <ns1:command>de.tudarmstadt.ukp.dkpro.core.io.negra.NegraExportReader</ns1:command>
        <ns1:operatingSystems>
          <ns1:operatingSystem>os-independent</ns1:operatingSystem>
        </ns1:operatingSystems>
        <ns1:rightsInfo>
          <ns1:licenceInfos>
            <ns1:licenceInfo>
              <ns1:licence>Apache-2.0</ns1:licence>
            </ns1:licenceInfo>
          </ns1:licenceInfos>
        </ns1:rightsInfo>
        <ns1:copyrightStatements>
          <ns1:copyrightStatement>Copyright 2007-2017
                            Ubiquitous Knowledge Processing (UKP) Lab
                            Technische Universität Darmstadt</ns1:copyrightStatement>
        </ns1:copyrightStatements>
      </ns1:componentDistributionInfo>
    </ns1:distributionInfos>
    <ns1:inputContentResourceInfo>
      <ns1:parameterInfos>
        <ns1:parameterInfo>
          <ns1:parameterName>sourceLocation</ns1:parameterName>
          <ns1:parameterLabel>sourceLocation</ns1:parameterLabel>
          <ns1:parameterDescription>Location from which the input is read.</ns1:parameterDescription>
          <ns1:parameterType>string</ns1:parameterType>
          <ns1:optional>false</ns1:optional>
          <ns1:multiValue>false</ns1:multiValue>
        </ns1:parameterInfo>
        <ns1:parameterInfo>
          <ns1:parameterName>language</ns1:parameterName>
          <ns1:parameterLabel>language</ns1:parameterLabel>
          <ns1:parameterDescription>The language.</ns1:parameterDescription>
          <ns1:parameterType>string</ns1:parameterType>
          <ns1:optional>true</ns1:optional>
          <ns1:multiValue>false</ns1:multiValue>
        </ns1:parameterInfo>
        <ns1:parameterInfo>
          <ns1:parameterName>sourceEncoding</ns1:parameterName>
          <ns1:parameterLabel>sourceEncoding</ns1:parameterLabel>
          <ns1:parameterDescription>Character encoding of the input data.</ns1:parameterDescription>
          <ns1:parameterType>string</ns1:parameterType>
          <ns1:optional>false</ns1:optional>
          <ns1:multiValue>false</ns1:multiValue>
          <ns1:defaultValue>UTF-8</ns1:defaultValue>
        </ns1:parameterInfo>
        <ns1:parameterInfo>
          <ns1:parameterName>readPOS</ns1:parameterName>
          <ns1:parameterLabel>readPOS</ns1:parameterLabel>
          <ns1:parameterDescription>Write part-of-speech information.

Default: true</ns1:parameterDescription>
          <ns1:parameterType>boolean</ns1:parameterType>
          <ns1:optional>false</ns1:optional>
          <ns1:multiValue>false</ns1:multiValue>
          <ns1:defaultValue>true</ns1:defaultValue>
        </ns1:parameterInfo>
        <ns1:parameterInfo>
          <ns1:parameterName>readLemma</ns1:parameterName>
          <ns1:parameterLabel>readLemma</ns1:parameterLabel>
          <ns1:parameterDescription>Write lemma information.

Default: true</ns1:parameterDescription>
          <ns1:parameterType>boolean</ns1:parameterType>
          <ns1:optional>false</ns1:optional>
          <ns1:multiValue>false</ns1:multiValue>
          <ns1:defaultValue>true</ns1:defaultValue>
        </ns1:parameterInfo>
        <ns1:parameterInfo>
          <ns1:parameterName>readPennTree</ns1:parameterName>
          <ns1:parameterLabel>readPennTree</ns1:parameterLabel>
          <ns1:parameterDescription>Write Penn Treebank bracketed structure information. Mind this may not work with all tagsets,
in particular not with such that contain "(" or ")" in their tags. The tree is generated
using the original tag set in the corpus, not using the mapped tagset!

Default: false</ns1:parameterDescription>
          <ns1:parameterType>boolean</ns1:parameterType>
          <ns1:optional>false</ns1:optional>
          <ns1:multiValue>false</ns1:multiValue>
          <ns1:defaultValue>false</ns1:defaultValue>
        </ns1:parameterInfo>
        <ns1:parameterInfo>
          <ns1:parameterName>POSMappingLocation</ns1:parameterName>
          <ns1:parameterLabel>POSMappingLocation</ns1:parameterLabel>
          <ns1:parameterDescription>Location of the mapping file for part-of-speech tags to UIMA types.</ns1:parameterDescription>
          <ns1:parameterType>string</ns1:parameterType>
          <ns1:optional>true</ns1:optional>
          <ns1:multiValue>false</ns1:multiValue>
        </ns1:parameterInfo>
        <ns1:parameterInfo>
          <ns1:parameterName>POSTagSet</ns1:parameterName>
          <ns1:parameterLabel>POSTagSet</ns1:parameterLabel>
          <ns1:parameterDescription>Use this part-of-speech tag set to use to resolve the tag set mapping instead of using the
tag set defined as part of the model meta data. This can be useful if a custom model is
specified which does not have such meta data, or it can be used in readers.</ns1:parameterDescription>
          <ns1:parameterType>string</ns1:parameterType>
          <ns1:optional>true</ns1:optional>
          <ns1:multiValue>false</ns1:multiValue>
        </ns1:parameterInfo>
        <ns1:parameterInfo>
          <ns1:parameterName>collectionId</ns1:parameterName>
          <ns1:parameterLabel>collectionId</ns1:parameterLabel>
          <ns1:parameterDescription>The collection ID to the written to the document meta data. (Default: none)</ns1:parameterDescription>
          <ns1:parameterType>string</ns1:parameterType>
          <ns1:optional>true</ns1:optional>
          <ns1:multiValue>false</ns1:multiValue>
        </ns1:parameterInfo>
        <ns1:parameterInfo>
          <ns1:parameterName>generateNewIds</ns1:parameterName>
          <ns1:parameterLabel>generateNewIds</ns1:parameterLabel>
          <ns1:parameterDescription>If true, the unit IDs are used only to detect if a new document (CAS) needs to be created,
but for the purpose of setting the document ID, a new ID is generated. (Default: false)</ns1:parameterDescription>
          <ns1:parameterType>boolean</ns1:parameterType>
          <ns1:optional>false</ns1:optional>
          <ns1:multiValue>false</ns1:multiValue>
          <ns1:defaultValue>false</ns1:defaultValue>
        </ns1:parameterInfo>
        <ns1:parameterInfo>
          <ns1:parameterName>documentUnit</ns1:parameterName>
          <ns1:parameterLabel>documentUnit</ns1:parameterLabel>
          <ns1:parameterDescription>What indicates if a new CAS should be started. E.g., if set to
DocumentUnit#ORIGIN_NAME ORIGIN_NAME, a new CAS is generated whenever the origin name
of the current sentence differs from the origin name of the last sentence. (Default:
ORIGIN_NAME)</ns1:parameterDescription>
          <ns1:parameterType>string</ns1:parameterType>
          <ns1:optional>false</ns1:optional>
          <ns1:multiValue>false</ns1:multiValue>
          <ns1:defaultValue>ORIGIN_NAME</ns1:defaultValue>
        </ns1:parameterInfo>
      </ns1:parameterInfos>
    </ns1:inputContentResourceInfo>
    <ns1:outputResourceInfo></ns1:outputResourceInfo>
    <ns1:componentCreationInfo>
      <ns1:framework>UIMA</ns1:framework>
      <ns1:implementationLanguage>Java</ns1:implementationLanguage>
    </ns1:componentCreationInfo>
    <ns1:scmInfo>
      <ns1:connection>scm:git:git://github.com/dkpro/dkpro-core/de.tudarmstadt.ukp.dkpro.core.io.negra-asl</ns1:connection>
      <ns1:developerConnection>scm:git:git@github.com:dkpro/dkpro-core.git/de.tudarmstadt.ukp.dkpro.core.io.negra-asl</ns1:developerConnection>
      <ns1:tag>HEAD</ns1:tag>
      <ns1:url>https://github.com/dkpro/dkpro-core/de.tudarmstadt.ukp.dkpro.core.io.negra-asl</ns1:url>
    </ns1:scmInfo>
    <ns1:issueManagementInfo>
      <ns1:system>GitHub Issues</ns1:system>
      <ns1:url>https://github.com/dkpro/dkpro-core/issues</ns1:url>
    </ns1:issueManagementInfo>
  </ns1:componentInfo>
</ns1:componentMetadataRecord>
