<?xml version="1.0" encoding="UTF-8"?>
<ns1:componentMetadataRecord xmlns:xsi="http://www.w3.org/2001/XMLSchema-instance" xmlns:ns1="http://www.meta-share.org/OMTD-SHARE_XMLSchema" xsi:schemaLocation="http://www.meta-share.org/OMTD-SHARE_XMLSchema http://www.meta-share.org/OMTD-SHARE_XMLSchema/v200/OMTD-SHARE-Component.xsd">
  <ns1:componentInfo>
    <ns1:resourceType>component</ns1:resourceType>
    <ns1:identificationInfo>
      <ns1:resourceNames>
        <ns1:resourceName>de.tudarmstadt.ukp.dkpro.core.io.jwpl.WikipediaTemplateFilteredArticleReader</ns1:resourceName>
      </ns1:resourceNames>
      <ns1:descriptions>
        <ns1:description>Reads all pages that contain or do not contain the templates specified in the template whitelist
and template blacklist.

&lt;p&gt;
It is possible to just define a whitelist OR a blacklist. If both whitelist and blacklist are
provided, the articles are chosen that DO contain the templates from the whitelist and at the
same time DO NOT contain the templates from the blacklist (= the intersection of the
"whitelist page set" and the "blacklist page set")
&lt;/p&gt;

&lt;p&gt;
This reader only works if template tables have been generated for the JWPL database using the
WikipediaTemplateInfoGenerator.
&lt;/p&gt;

&lt;p&gt;
&lt;strong&gt;NOTE:&lt;/strong&gt; This reader directly extends the WikipediaReaderBase and not the
WikipediaStandardReaderBase
&lt;/p&gt;</ns1:description>
      </ns1:descriptions>
      <ns1:resourceIdentifiers>
        <ns1:resourceIdentifier resourceIdentifierSchemeName="maven">mvn:de.tudarmstadt.ukp.dkpro.core:de.tudarmstadt.ukp.dkpro.core.io.jwpl-asl:1.9.0-SNAPSHOT#de.tudarmstadt.ukp.dkpro.core.io.jwpl.WikipediaTemplateFilteredArticleReader</ns1:resourceIdentifier>
      </ns1:resourceIdentifiers>
      <ns1:public>false</ns1:public>
    </ns1:identificationInfo>
    <ns1:versionInfo>
      <ns1:version>1.9.0-SNAPSHOT</ns1:version>
    </ns1:versionInfo>
    <ns1:contactInfo>
      <ns1:landingPage>https://dkpro.github.io/dkpro-core/de.tudarmstadt.ukp.dkpro.core.io.jwpl-asl/</ns1:landingPage>
      <ns1:contactGroups>
        <ns1:contactGroup>
          <ns1:groupNames>
            <ns1:groupName>DKPro Core Project</ns1:groupName>
          </ns1:groupNames>
        </ns1:contactGroup>
        <ns1:contactGroup>
          <ns1:groupNames>
            <ns1:groupName>Ubiquitous Knowledge Processing (UKP) Lab, Technische Universität Darmstadt</ns1:groupName>
          </ns1:groupNames>
          <ns1:affiliatedOrganization>
            <ns1:organizationNames>
              <ns1:organizationName>Ubiquitous Knowledge Processing (UKP) Lab, Technische Universität Darmstadt</ns1:organizationName>
            </ns1:organizationNames>
          </ns1:affiliatedOrganization>
        </ns1:contactGroup>
      </ns1:contactGroups>
      <ns1:mailingLists>
        <ns1:mailingListInfo>
          <ns1:mailingListName>DKPro Core user mailing list</ns1:mailingListName>
          <ns1:subscribe>dkpro-core-user+subscribe@googlegroups.com</ns1:subscribe>
          <ns1:unsubscribe>dkpro-core-user+unsubscribe@googlegroups.com</ns1:unsubscribe>
          <ns1:post>dkpro-core-user@googlegroups.com</ns1:post>
          <ns1:archive>https://groups.google.com/forum/#!forum/dkpro-core-user</ns1:archive>
        </ns1:mailingListInfo>
        <ns1:mailingListInfo>
          <ns1:mailingListName>DKPro Core developer mailing list</ns1:mailingListName>
          <ns1:subscribe>dkpro-core-developers+subscribe@googlegroups.com</ns1:subscribe>
          <ns1:unsubscribe>dkpro-core-developers+unsubscribe@googlegroups.com</ns1:unsubscribe>
          <ns1:post>dkpro-core-developers@googlegroups.com</ns1:post>
          <ns1:archive>https://groups.google.com/forum/#!forum/dkpro-core-developers</ns1:archive>
        </ns1:mailingListInfo>
      </ns1:mailingLists>
    </ns1:contactInfo>
    <ns1:componentType>reader</ns1:componentType>
    <ns1:application>false</ns1:application>
    <ns1:distributionInfos>
      <ns1:componentDistributionInfo>
        <ns1:componentLoc>
          <ns1:componentDistributionForm>executableCode</ns1:componentDistributionForm>
          <ns1:distributionURL>mvn:de.tudarmstadt.ukp.dkpro.core:de.tudarmstadt.ukp.dkpro.core.io.jwpl-asl:1.9.0-SNAPSHOT#de.tudarmstadt.ukp.dkpro.core.io.jwpl.WikipediaTemplateFilteredArticleReader</ns1:distributionURL>
        </ns1:componentLoc>
        <ns1:command>de.tudarmstadt.ukp.dkpro.core.io.jwpl.WikipediaTemplateFilteredArticleReader</ns1:command>
        <ns1:operatingSystems>
          <ns1:operatingSystem>os-independent</ns1:operatingSystem>
        </ns1:operatingSystems>
        <ns1:rightsInfo>
          <ns1:licenceInfos>
            <ns1:licenceInfo>
              <ns1:licence>Apache-2.0</ns1:licence>
            </ns1:licenceInfo>
          </ns1:licenceInfos>
        </ns1:rightsInfo>
        <ns1:copyrightStatements>
          <ns1:copyrightStatement>Copyright 2007-2017
                            Ubiquitous Knowledge Processing (UKP) Lab
                            Technische Universität Darmstadt</ns1:copyrightStatement>
        </ns1:copyrightStatements>
      </ns1:componentDistributionInfo>
    </ns1:distributionInfos>
    <ns1:inputContentResourceInfo>
      <ns1:parameterInfos>
        <ns1:parameterInfo>
          <ns1:parameterName>OnlyFirstParagraph</ns1:parameterName>
          <ns1:parameterLabel>OnlyFirstParagraph</ns1:parameterLabel>
          <ns1:parameterDescription>If set to true, only the first paragraph instead of the whole article is used.</ns1:parameterDescription>
          <ns1:parameterType>boolean</ns1:parameterType>
          <ns1:optional>false</ns1:optional>
          <ns1:multiValue>false</ns1:multiValue>
          <ns1:defaultValue>false</ns1:defaultValue>
        </ns1:parameterInfo>
        <ns1:parameterInfo>
          <ns1:parameterName>OutputPlainText</ns1:parameterName>
          <ns1:parameterLabel>OutputPlainText</ns1:parameterLabel>
          <ns1:parameterDescription>Whether the reader outputs plain text or wiki markup.</ns1:parameterDescription>
          <ns1:parameterType>boolean</ns1:parameterType>
          <ns1:optional>false</ns1:optional>
          <ns1:multiValue>false</ns1:multiValue>
          <ns1:defaultValue>true</ns1:defaultValue>
        </ns1:parameterInfo>
        <ns1:parameterInfo>
          <ns1:parameterName>IncludeDiscussions</ns1:parameterName>
          <ns1:parameterLabel>IncludeDiscussions</ns1:parameterLabel>
          <ns1:parameterDescription>Whether the reader should read also include talk pages.</ns1:parameterDescription>
          <ns1:parameterType>boolean</ns1:parameterType>
          <ns1:optional>false</ns1:optional>
          <ns1:multiValue>false</ns1:multiValue>
          <ns1:defaultValue>true</ns1:defaultValue>
        </ns1:parameterInfo>
        <ns1:parameterInfo>
          <ns1:parameterName>DoubleCheckAssociatedPages</ns1:parameterName>
          <ns1:parameterLabel>DoubleCheckAssociatedPages</ns1:parameterLabel>
          <ns1:parameterDescription>If this option is set, discussion pages are rejected that are associated with a blacklisted
article. Analogously, articles are rejected that are associated with a blacklisted discussion
page.
&lt;p&gt;
This check is rather expensive and could take a long time. This is option is not active if
only a whitelist is used.
&lt;/p&gt;
&lt;p&gt;
Default Value: false
&lt;/p&gt;</ns1:parameterDescription>
          <ns1:parameterType>boolean</ns1:parameterType>
          <ns1:optional>false</ns1:optional>
          <ns1:multiValue>false</ns1:multiValue>
          <ns1:defaultValue>false</ns1:defaultValue>
        </ns1:parameterInfo>
        <ns1:parameterInfo>
          <ns1:parameterName>LimitNUmberOfArticlesToRead</ns1:parameterName>
          <ns1:parameterLabel>LimitNUmberOfArticlesToRead</ns1:parameterLabel>
          <ns1:parameterDescription>Optional parameter that allows to define the max number of articles that should be delivered
by the reader.
&lt;p&gt;
This avoids unnecessary filtering if only a small number of articles is needed.
&lt;/p&gt;</ns1:parameterDescription>
          <ns1:parameterType>integer</ns1:parameterType>
          <ns1:optional>true</ns1:optional>
          <ns1:multiValue>false</ns1:multiValue>
        </ns1:parameterInfo>
        <ns1:parameterInfo>
          <ns1:parameterName>TemplateWhitelist</ns1:parameterName>
          <ns1:parameterLabel>TemplateWhitelist</ns1:parameterLabel>
          <ns1:parameterDescription>Defines templates that the articles MUST contain.
&lt;p&gt;
If you also define a blacklist, the intersection of both sets is used. (= pages that DO
contain templates from the whitelist, but DO NOT contain templates from the blacklist)
&lt;/p&gt;</ns1:parameterDescription>
          <ns1:parameterType>string</ns1:parameterType>
          <ns1:optional>true</ns1:optional>
          <ns1:multiValue>true</ns1:multiValue>
        </ns1:parameterInfo>
        <ns1:parameterInfo>
          <ns1:parameterName>TemplateBlacklist</ns1:parameterName>
          <ns1:parameterLabel>TemplateBlacklist</ns1:parameterLabel>
          <ns1:parameterDescription>Defines templates that the articles MUST NOT contain.
&lt;p&gt;
If you also define a whitelist, the intersection of both sets is used. (= pages that DO
contain templates from the whitelist, but DO NOT contain templates from the blacklist)
&lt;/p&gt;</ns1:parameterDescription>
          <ns1:parameterType>string</ns1:parameterType>
          <ns1:optional>true</ns1:optional>
          <ns1:multiValue>true</ns1:multiValue>
        </ns1:parameterInfo>
        <ns1:parameterInfo>
          <ns1:parameterName>ExactTemplateMatching</ns1:parameterName>
          <ns1:parameterLabel>ExactTemplateMatching</ns1:parameterLabel>
          <ns1:parameterDescription>Defines whether to match the templates exactly or whether to match all
templates that start with the String given in the respective parameter
list.
&lt;p&gt;Default Value: true&lt;/p&gt;</ns1:parameterDescription>
          <ns1:parameterType>boolean</ns1:parameterType>
          <ns1:optional>false</ns1:optional>
          <ns1:multiValue>false</ns1:multiValue>
          <ns1:defaultValue>true</ns1:defaultValue>
        </ns1:parameterInfo>
        <ns1:parameterInfo>
          <ns1:parameterName>PageBuffer</ns1:parameterName>
          <ns1:parameterLabel>PageBuffer</ns1:parameterLabel>
          <ns1:parameterDescription>The page buffer size (#pages) of the page iterator.</ns1:parameterDescription>
          <ns1:parameterType>integer</ns1:parameterType>
          <ns1:optional>false</ns1:optional>
          <ns1:multiValue>false</ns1:multiValue>
          <ns1:defaultValue>1000</ns1:defaultValue>
        </ns1:parameterInfo>
        <ns1:parameterInfo>
          <ns1:parameterName>Host</ns1:parameterName>
          <ns1:parameterLabel>Host</ns1:parameterLabel>
          <ns1:parameterDescription>The host server.</ns1:parameterDescription>
          <ns1:parameterType>string</ns1:parameterType>
          <ns1:optional>false</ns1:optional>
          <ns1:multiValue>false</ns1:multiValue>
        </ns1:parameterInfo>
        <ns1:parameterInfo>
          <ns1:parameterName>Database</ns1:parameterName>
          <ns1:parameterLabel>Database</ns1:parameterLabel>
          <ns1:parameterDescription>The name of the database.</ns1:parameterDescription>
          <ns1:parameterType>string</ns1:parameterType>
          <ns1:optional>false</ns1:optional>
          <ns1:multiValue>false</ns1:multiValue>
        </ns1:parameterInfo>
        <ns1:parameterInfo>
          <ns1:parameterName>User</ns1:parameterName>
          <ns1:parameterLabel>User</ns1:parameterLabel>
          <ns1:parameterDescription>The username of the database account.</ns1:parameterDescription>
          <ns1:parameterType>string</ns1:parameterType>
          <ns1:optional>false</ns1:optional>
          <ns1:multiValue>false</ns1:multiValue>
        </ns1:parameterInfo>
        <ns1:parameterInfo>
          <ns1:parameterName>Password</ns1:parameterName>
          <ns1:parameterLabel>Password</ns1:parameterLabel>
          <ns1:parameterDescription>The password of the database account.</ns1:parameterDescription>
          <ns1:parameterType>string</ns1:parameterType>
          <ns1:optional>false</ns1:optional>
          <ns1:multiValue>false</ns1:multiValue>
        </ns1:parameterInfo>
        <ns1:parameterInfo>
          <ns1:parameterName>Language</ns1:parameterName>
          <ns1:parameterLabel>Language</ns1:parameterLabel>
          <ns1:parameterDescription>The language of the Wikipedia that should be connected to.</ns1:parameterDescription>
          <ns1:parameterType>string</ns1:parameterType>
          <ns1:optional>false</ns1:optional>
          <ns1:multiValue>false</ns1:multiValue>
        </ns1:parameterInfo>
        <ns1:parameterInfo>
          <ns1:parameterName>CreateDBAnno</ns1:parameterName>
          <ns1:parameterLabel>CreateDBAnno</ns1:parameterLabel>
          <ns1:parameterDescription>Sets whether the database configuration should be stored in the CAS,
 so that annotators down the pipeline can access additional data.</ns1:parameterDescription>
          <ns1:parameterType>boolean</ns1:parameterType>
          <ns1:optional>false</ns1:optional>
          <ns1:multiValue>false</ns1:multiValue>
          <ns1:defaultValue>false</ns1:defaultValue>
        </ns1:parameterInfo>
      </ns1:parameterInfos>
    </ns1:inputContentResourceInfo>
    <ns1:outputResourceInfo></ns1:outputResourceInfo>
    <ns1:componentCreationInfo>
      <ns1:framework>UIMA</ns1:framework>
      <ns1:implementationLanguage>Java</ns1:implementationLanguage>
    </ns1:componentCreationInfo>
    <ns1:scmInfo>
      <ns1:connection>scm:git:git://github.com/dkpro/dkpro-core/de.tudarmstadt.ukp.dkpro.core.io.jwpl-asl</ns1:connection>
      <ns1:developerConnection>scm:git:git@github.com:dkpro/dkpro-core.git/de.tudarmstadt.ukp.dkpro.core.io.jwpl-asl</ns1:developerConnection>
      <ns1:tag>HEAD</ns1:tag>
      <ns1:url>https://github.com/dkpro/dkpro-core/de.tudarmstadt.ukp.dkpro.core.io.jwpl-asl</ns1:url>
    </ns1:scmInfo>
    <ns1:issueManagementInfo>
      <ns1:system>GitHub Issues</ns1:system>
      <ns1:url>https://github.com/dkpro/dkpro-core/issues</ns1:url>
    </ns1:issueManagementInfo>
  </ns1:componentInfo>
</ns1:componentMetadataRecord>
