<?xml version="1.0" encoding="UTF-8"?>
<ns1:componentMetadataRecord xmlns:xsi="http://www.w3.org/2001/XMLSchema-instance" xmlns:ns1="http://www.meta-share.org/OMTD-SHARE_XMLSchema" xsi:schemaLocation="http://www.meta-share.org/OMTD-SHARE_XMLSchema http://www.meta-share.org/OMTD-SHARE_XMLSchema/v200/OMTD-SHARE-Component.xsd">
  <ns1:componentInfo>
    <ns1:resourceType>component</ns1:resourceType>
    <ns1:identificationInfo>
      <ns1:resourceNames>
        <ns1:resourceName>CLARIN-DE WebLicht TCF Writer</ns1:resourceName>
      </ns1:resourceNames>
      <ns1:descriptions>
        <ns1:description>Writer for the WebLicht TCF format.</ns1:description>
      </ns1:descriptions>
      <ns1:resourceIdentifiers>
        <ns1:resourceIdentifier resourceIdentifierSchemeName="maven">mvn:de.tudarmstadt.ukp.dkpro.core:de.tudarmstadt.ukp.dkpro.core.io.tcf-asl:1.9.0-SNAPSHOT#de.tudarmstadt.ukp.dkpro.core.io.tcf.TcfWriter</ns1:resourceIdentifier>
      </ns1:resourceIdentifiers>
      <ns1:public>false</ns1:public>
    </ns1:identificationInfo>
    <ns1:versionInfo>
      <ns1:version>1.9.0-SNAPSHOT</ns1:version>
    </ns1:versionInfo>
    <ns1:contactInfo>
      <ns1:landingPage>https://dkpro.github.io/dkpro-core/de.tudarmstadt.ukp.dkpro.core.io.tcf-asl/</ns1:landingPage>
      <ns1:contactGroups>
        <ns1:contactGroup>
          <ns1:groupNames>
            <ns1:groupName>DKPro Core Project</ns1:groupName>
          </ns1:groupNames>
        </ns1:contactGroup>
        <ns1:contactGroup>
          <ns1:groupNames>
            <ns1:groupName>Ubiquitous Knowledge Processing (UKP) Lab, Technische Universität Darmstadt</ns1:groupName>
          </ns1:groupNames>
          <ns1:affiliatedOrganization>
            <ns1:organizationNames>
              <ns1:organizationName>Ubiquitous Knowledge Processing (UKP) Lab, Technische Universität Darmstadt</ns1:organizationName>
            </ns1:organizationNames>
          </ns1:affiliatedOrganization>
        </ns1:contactGroup>
      </ns1:contactGroups>
      <ns1:mailingLists>
        <ns1:mailingListInfo>
          <ns1:mailingListName>DKPro Core user mailing list</ns1:mailingListName>
          <ns1:subscribe>dkpro-core-user+subscribe@googlegroups.com</ns1:subscribe>
          <ns1:unsubscribe>dkpro-core-user+unsubscribe@googlegroups.com</ns1:unsubscribe>
          <ns1:post>dkpro-core-user@googlegroups.com</ns1:post>
          <ns1:archive>https://groups.google.com/forum/#!forum/dkpro-core-user</ns1:archive>
        </ns1:mailingListInfo>
        <ns1:mailingListInfo>
          <ns1:mailingListName>DKPro Core developer mailing list</ns1:mailingListName>
          <ns1:subscribe>dkpro-core-developers+subscribe@googlegroups.com</ns1:subscribe>
          <ns1:unsubscribe>dkpro-core-developers+unsubscribe@googlegroups.com</ns1:unsubscribe>
          <ns1:post>dkpro-core-developers@googlegroups.com</ns1:post>
          <ns1:archive>https://groups.google.com/forum/#!forum/dkpro-core-developers</ns1:archive>
        </ns1:mailingListInfo>
      </ns1:mailingLists>
    </ns1:contactInfo>
    <ns1:application>false</ns1:application>
    <ns1:distributionInfos>
      <ns1:componentDistributionInfo>
        <ns1:componentLoc>
          <ns1:componentDistributionForm>executableCode</ns1:componentDistributionForm>
          <ns1:distributionURL>mvn:de.tudarmstadt.ukp.dkpro.core:de.tudarmstadt.ukp.dkpro.core.io.tcf-asl:1.9.0-SNAPSHOT#de.tudarmstadt.ukp.dkpro.core.io.tcf.TcfWriter</ns1:distributionURL>
        </ns1:componentLoc>
        <ns1:command>de.tudarmstadt.ukp.dkpro.core.io.tcf.TcfWriter</ns1:command>
        <ns1:operatingSystems>
          <ns1:operatingSystem>os-independent</ns1:operatingSystem>
        </ns1:operatingSystems>
        <ns1:rightsInfo>
          <ns1:licenceInfos>
            <ns1:licenceInfo>
              <ns1:licence>Apache-2.0</ns1:licence>
            </ns1:licenceInfo>
          </ns1:licenceInfos>
        </ns1:rightsInfo>
        <ns1:copyrightStatements>
          <ns1:copyrightStatement>Copyright 2007-2017
                            Ubiquitous Knowledge Processing (UKP) Lab
                            Technische Universität Darmstadt</ns1:copyrightStatement>
        </ns1:copyrightStatements>
      </ns1:componentDistributionInfo>
    </ns1:distributionInfos>
    <ns1:inputContentResourceInfo>
      <ns1:parameterInfos>
        <ns1:parameterInfo>
          <ns1:parameterName>filenameExtension</ns1:parameterName>
          <ns1:parameterLabel>filenameExtension</ns1:parameterLabel>
          <ns1:parameterDescription>Specify the suffix of output files. Default value &lt;code&gt;.tcf&lt;/code&gt;. If the suffix is not
needed, provide an empty string as value.</ns1:parameterDescription>
          <ns1:parameterType>string</ns1:parameterType>
          <ns1:optional>false</ns1:optional>
          <ns1:multiValue>false</ns1:multiValue>
          <ns1:defaultValue>.tcf</ns1:defaultValue>
        </ns1:parameterInfo>
        <ns1:parameterInfo>
          <ns1:parameterName>preserveIfEmpty</ns1:parameterName>
          <ns1:parameterLabel>preserveIfEmpty</ns1:parameterLabel>
          <ns1:parameterDescription>If there are no annotations for a particular layer in the CAS, preserve any potentially
existing annotations in the original TCF.&lt;br&gt;
Default: false</ns1:parameterDescription>
          <ns1:parameterType>boolean</ns1:parameterType>
          <ns1:optional>false</ns1:optional>
          <ns1:multiValue>false</ns1:multiValue>
          <ns1:defaultValue>false</ns1:defaultValue>
        </ns1:parameterInfo>
        <ns1:parameterInfo>
          <ns1:parameterName>merge</ns1:parameterName>
          <ns1:parameterLabel>merge</ns1:parameterLabel>
          <ns1:parameterDescription>Merge with source TCF file if one is available.&lt;br&gt;
Default: true</ns1:parameterDescription>
          <ns1:parameterType>boolean</ns1:parameterType>
          <ns1:optional>false</ns1:optional>
          <ns1:multiValue>false</ns1:multiValue>
          <ns1:defaultValue>true</ns1:defaultValue>
        </ns1:parameterInfo>
        <ns1:parameterInfo>
          <ns1:parameterName>targetLocation</ns1:parameterName>
          <ns1:parameterLabel>targetLocation</ns1:parameterLabel>
          <ns1:parameterDescription>Target location. If this parameter is not set, data is written to stdout.</ns1:parameterDescription>
          <ns1:parameterType>string</ns1:parameterType>
          <ns1:optional>true</ns1:optional>
          <ns1:multiValue>false</ns1:multiValue>
        </ns1:parameterInfo>
        <ns1:parameterInfo>
          <ns1:parameterName>singularTarget</ns1:parameterName>
          <ns1:parameterLabel>singularTarget</ns1:parameterLabel>
          <ns1:parameterDescription>Treat target location as a single file name. This is particularly useful if only a single
input file is processed and the result should be written to a pre-defined output file instead
of deriving the file name from the document URI or document ID. It can also be useful if
the user wishes to force multiple input files to be written to a single target file. The
latter case does not work for all formats (e.g. binary, XMI, etc.), but can be useful, e.g.
for Conll-based formats. This option has no effect if the target location points to an
archive location (ZIP/JAR). The #PARAM_COMPRESSION is respected, but does not 
automatically add an extension. The #PARAM_STRIP_EXTENSION has no effect as the
original extension is not preserved.</ns1:parameterDescription>
          <ns1:parameterType>boolean</ns1:parameterType>
          <ns1:optional>false</ns1:optional>
          <ns1:multiValue>false</ns1:multiValue>
          <ns1:defaultValue>false</ns1:defaultValue>
        </ns1:parameterInfo>
        <ns1:parameterInfo>
          <ns1:parameterName>compression</ns1:parameterName>
          <ns1:parameterLabel>compression</ns1:parameterLabel>
          <ns1:parameterDescription>Choose a compression method. (default: CompressionMethod#NONE)</ns1:parameterDescription>
          <ns1:parameterType>string</ns1:parameterType>
          <ns1:optional>true</ns1:optional>
          <ns1:multiValue>false</ns1:multiValue>
          <ns1:defaultValue>NONE</ns1:defaultValue>
        </ns1:parameterInfo>
        <ns1:parameterInfo>
          <ns1:parameterName>stripExtension</ns1:parameterName>
          <ns1:parameterLabel>stripExtension</ns1:parameterLabel>
          <ns1:parameterDescription>Remove the original extension.</ns1:parameterDescription>
          <ns1:parameterType>boolean</ns1:parameterType>
          <ns1:optional>false</ns1:optional>
          <ns1:multiValue>false</ns1:multiValue>
          <ns1:defaultValue>false</ns1:defaultValue>
        </ns1:parameterInfo>
        <ns1:parameterInfo>
          <ns1:parameterName>useDocumentId</ns1:parameterName>
          <ns1:parameterLabel>useDocumentId</ns1:parameterLabel>
          <ns1:parameterDescription>Use the document ID as file name even if a relative path information is present.</ns1:parameterDescription>
          <ns1:parameterType>boolean</ns1:parameterType>
          <ns1:optional>false</ns1:optional>
          <ns1:multiValue>false</ns1:multiValue>
          <ns1:defaultValue>false</ns1:defaultValue>
        </ns1:parameterInfo>
        <ns1:parameterInfo>
          <ns1:parameterName>escapeDocumentId</ns1:parameterName>
          <ns1:parameterLabel>escapeDocumentId</ns1:parameterLabel>
          <ns1:parameterDescription>URL-encode the document ID in the file name to avoid illegal characters (e.g. \, :, etc.)</ns1:parameterDescription>
          <ns1:parameterType>boolean</ns1:parameterType>
          <ns1:optional>false</ns1:optional>
          <ns1:multiValue>false</ns1:multiValue>
          <ns1:defaultValue>true</ns1:defaultValue>
        </ns1:parameterInfo>
        <ns1:parameterInfo>
          <ns1:parameterName>overwrite</ns1:parameterName>
          <ns1:parameterLabel>overwrite</ns1:parameterLabel>
          <ns1:parameterDescription>Allow overwriting target files (ignored when writing to ZIP archives).</ns1:parameterDescription>
          <ns1:parameterType>boolean</ns1:parameterType>
          <ns1:optional>false</ns1:optional>
          <ns1:multiValue>false</ns1:multiValue>
          <ns1:defaultValue>false</ns1:defaultValue>
        </ns1:parameterInfo>
      </ns1:parameterInfos>
    </ns1:inputContentResourceInfo>
    <ns1:outputResourceInfo></ns1:outputResourceInfo>
    <ns1:componentCreationInfo>
      <ns1:framework>UIMA</ns1:framework>
      <ns1:implementationLanguage>Java</ns1:implementationLanguage>
    </ns1:componentCreationInfo>
    <ns1:scmInfo>
      <ns1:connection>scm:git:git://github.com/dkpro/dkpro-core/de.tudarmstadt.ukp.dkpro.core.io.tcf-asl</ns1:connection>
      <ns1:developerConnection>scm:git:git@github.com:dkpro/dkpro-core.git/de.tudarmstadt.ukp.dkpro.core.io.tcf-asl</ns1:developerConnection>
      <ns1:tag>HEAD</ns1:tag>
      <ns1:url>https://github.com/dkpro/dkpro-core/de.tudarmstadt.ukp.dkpro.core.io.tcf-asl</ns1:url>
    </ns1:scmInfo>
    <ns1:issueManagementInfo>
      <ns1:system>GitHub Issues</ns1:system>
      <ns1:url>https://github.com/dkpro/dkpro-core/issues</ns1:url>
    </ns1:issueManagementInfo>
  </ns1:componentInfo>
</ns1:componentMetadataRecord>
