<?xml version="1.0" encoding="UTF-8"?>
<ns1:componentMetadataRecord xmlns:xsi="http://www.w3.org/2001/XMLSchema-instance" xmlns:ns1="http://www.meta-share.org/OMTD-SHARE_XMLSchema" xsi:schemaLocation="http://www.meta-share.org/OMTD-SHARE_XMLSchema http://www.meta-share.org/OMTD-SHARE_XMLSchema/v200/OMTD-SHARE-Component.xsd">
  <ns1:componentInfo>
    <ns1:resourceType>component</ns1:resourceType>
    <ns1:identificationInfo>
      <ns1:resourceNames>
        <ns1:resourceName>Solr Index Writer</ns1:resourceName>
      </ns1:resourceNames>
      <ns1:descriptions>
        <ns1:description>A simple implementation of SolrWriter_ImplBase</ns1:description>
      </ns1:descriptions>
      <ns1:resourceIdentifiers>
        <ns1:resourceIdentifier resourceIdentifierSchemeName="maven">mvn:de.tudarmstadt.ukp.dkpro.core:de.tudarmstadt.ukp.dkpro.core.io.solr-asl:1.9.0-SNAPSHOT#de.tudarmstadt.ukp.dkpro.core.io.solr.SolrWriter</ns1:resourceIdentifier>
      </ns1:resourceIdentifiers>
      <ns1:public>false</ns1:public>
    </ns1:identificationInfo>
    <ns1:versionInfo>
      <ns1:version>1.9.0-SNAPSHOT</ns1:version>
    </ns1:versionInfo>
    <ns1:contactInfo>
      <ns1:landingPage>https://dkpro.github.io/dkpro-core/de.tudarmstadt.ukp.dkpro.core.io.solr-asl/</ns1:landingPage>
      <ns1:contactGroups>
        <ns1:contactGroup>
          <ns1:groupNames>
            <ns1:groupName>DKPro Core Project</ns1:groupName>
          </ns1:groupNames>
        </ns1:contactGroup>
        <ns1:contactGroup>
          <ns1:groupNames>
            <ns1:groupName>Ubiquitous Knowledge Processing (UKP) Lab, Technische Universität Darmstadt</ns1:groupName>
          </ns1:groupNames>
          <ns1:affiliatedOrganization>
            <ns1:organizationNames>
              <ns1:organizationName>Ubiquitous Knowledge Processing (UKP) Lab, Technische Universität Darmstadt</ns1:organizationName>
            </ns1:organizationNames>
          </ns1:affiliatedOrganization>
        </ns1:contactGroup>
      </ns1:contactGroups>
      <ns1:mailingLists>
        <ns1:mailingListInfo>
          <ns1:mailingListName>DKPro Core user mailing list</ns1:mailingListName>
          <ns1:subscribe>dkpro-core-user+subscribe@googlegroups.com</ns1:subscribe>
          <ns1:unsubscribe>dkpro-core-user+unsubscribe@googlegroups.com</ns1:unsubscribe>
          <ns1:post>dkpro-core-user@googlegroups.com</ns1:post>
          <ns1:archive>https://groups.google.com/forum/#!forum/dkpro-core-user</ns1:archive>
        </ns1:mailingListInfo>
        <ns1:mailingListInfo>
          <ns1:mailingListName>DKPro Core developer mailing list</ns1:mailingListName>
          <ns1:subscribe>dkpro-core-developers+subscribe@googlegroups.com</ns1:subscribe>
          <ns1:unsubscribe>dkpro-core-developers+unsubscribe@googlegroups.com</ns1:unsubscribe>
          <ns1:post>dkpro-core-developers@googlegroups.com</ns1:post>
          <ns1:archive>https://groups.google.com/forum/#!forum/dkpro-core-developers</ns1:archive>
        </ns1:mailingListInfo>
      </ns1:mailingLists>
    </ns1:contactInfo>
    <ns1:application>false</ns1:application>
    <ns1:distributionInfos>
      <ns1:componentDistributionInfo>
        <ns1:componentLoc>
          <ns1:componentDistributionForm>executableCode</ns1:componentDistributionForm>
          <ns1:distributionURL>mvn:de.tudarmstadt.ukp.dkpro.core:de.tudarmstadt.ukp.dkpro.core.io.solr-asl:1.9.0-SNAPSHOT#de.tudarmstadt.ukp.dkpro.core.io.solr.SolrWriter</ns1:distributionURL>
        </ns1:componentLoc>
        <ns1:command>de.tudarmstadt.ukp.dkpro.core.io.solr.SolrWriter</ns1:command>
        <ns1:operatingSystems>
          <ns1:operatingSystem>os-independent</ns1:operatingSystem>
        </ns1:operatingSystems>
        <ns1:rightsInfo>
          <ns1:licenceInfos>
            <ns1:licenceInfo>
              <ns1:licence>Apache-2.0</ns1:licence>
            </ns1:licenceInfo>
          </ns1:licenceInfos>
        </ns1:rightsInfo>
        <ns1:copyrightStatements>
          <ns1:copyrightStatement>Copyright 2007-2017
                            Ubiquitous Knowledge Processing (UKP) Lab
                            Technische Universität Darmstadt</ns1:copyrightStatement>
        </ns1:copyrightStatements>
      </ns1:componentDistributionInfo>
    </ns1:distributionInfos>
    <ns1:inputContentResourceInfo>
      <ns1:parameterInfos>
        <ns1:parameterInfo>
          <ns1:parameterName>update</ns1:parameterName>
          <ns1:parameterLabel>update</ns1:parameterLabel>
          <ns1:parameterDescription>Define whether existing documents with same ID are updated (true) of overwritten (false)?
Default: true (update).</ns1:parameterDescription>
          <ns1:parameterType>boolean</ns1:parameterType>
          <ns1:optional>false</ns1:optional>
          <ns1:multiValue>false</ns1:multiValue>
          <ns1:defaultValue>true</ns1:defaultValue>
        </ns1:parameterInfo>
        <ns1:parameterInfo>
          <ns1:parameterName>targetLocation</ns1:parameterName>
          <ns1:parameterLabel>targetLocation</ns1:parameterLabel>
          <ns1:parameterDescription>Solr server URL string in the form &lt;prot&gt;://&lt;host&gt;:&lt;port&gt;/&lt;path&gt;, e.g.
http://localhost:8983/solr/collection1</ns1:parameterDescription>
          <ns1:parameterType>string</ns1:parameterType>
          <ns1:optional>false</ns1:optional>
          <ns1:multiValue>false</ns1:multiValue>
        </ns1:parameterInfo>
        <ns1:parameterInfo>
          <ns1:parameterName>queueSize</ns1:parameterName>
          <ns1:parameterLabel>queueSize</ns1:parameterLabel>
          <ns1:parameterDescription>The buffer size before the documents are sent to the server (default: 10000).</ns1:parameterDescription>
          <ns1:parameterType>integer</ns1:parameterType>
          <ns1:optional>false</ns1:optional>
          <ns1:multiValue>false</ns1:multiValue>
          <ns1:defaultValue>10000</ns1:defaultValue>
        </ns1:parameterInfo>
        <ns1:parameterInfo>
          <ns1:parameterName>numThreads</ns1:parameterName>
          <ns1:parameterLabel>numThreads</ns1:parameterLabel>
          <ns1:parameterDescription>The number of background numThreads used to empty the queue. Default: 1.</ns1:parameterDescription>
          <ns1:parameterType>integer</ns1:parameterType>
          <ns1:optional>false</ns1:optional>
          <ns1:multiValue>false</ns1:multiValue>
          <ns1:defaultValue>1</ns1:defaultValue>
        </ns1:parameterInfo>
        <ns1:parameterInfo>
          <ns1:parameterName>waitFlush</ns1:parameterName>
          <ns1:parameterLabel>waitFlush</ns1:parameterLabel>
          <ns1:parameterDescription>When committing to the index, i.e. when all documents are processed, block until index
changes are flushed to disk? Default: true.</ns1:parameterDescription>
          <ns1:parameterType>boolean</ns1:parameterType>
          <ns1:optional>false</ns1:optional>
          <ns1:multiValue>false</ns1:multiValue>
          <ns1:defaultValue>true</ns1:defaultValue>
        </ns1:parameterInfo>
        <ns1:parameterInfo>
          <ns1:parameterName>waitSearcher</ns1:parameterName>
          <ns1:parameterLabel>waitSearcher</ns1:parameterLabel>
          <ns1:parameterDescription>When committing to the index, i.e. when all documents are processed, block until a new
searcher is opened and registered as the main query searcher, making the changes visible?
Default: true.</ns1:parameterDescription>
          <ns1:parameterType>boolean</ns1:parameterType>
          <ns1:optional>false</ns1:optional>
          <ns1:multiValue>false</ns1:multiValue>
          <ns1:defaultValue>true</ns1:defaultValue>
        </ns1:parameterInfo>
        <ns1:parameterInfo>
          <ns1:parameterName>textField</ns1:parameterName>
          <ns1:parameterLabel>textField</ns1:parameterLabel>
          <ns1:parameterDescription>The name of the text field in the Solr schema (default: "text").</ns1:parameterDescription>
          <ns1:parameterType>string</ns1:parameterType>
          <ns1:optional>false</ns1:optional>
          <ns1:multiValue>false</ns1:multiValue>
          <ns1:defaultValue>text</ns1:defaultValue>
        </ns1:parameterInfo>
        <ns1:parameterInfo>
          <ns1:parameterName>solrIdField</ns1:parameterName>
          <ns1:parameterLabel>solrIdField</ns1:parameterLabel>
          <ns1:parameterDescription>The name of the id field in the Solr schema (default: "id").</ns1:parameterDescription>
          <ns1:parameterType>string</ns1:parameterType>
          <ns1:optional>false</ns1:optional>
          <ns1:multiValue>false</ns1:multiValue>
          <ns1:defaultValue>id</ns1:defaultValue>
        </ns1:parameterInfo>
        <ns1:parameterInfo>
          <ns1:parameterName>optimizeIndex</ns1:parameterName>
          <ns1:parameterLabel>optimizeIndex</ns1:parameterLabel>
          <ns1:parameterDescription>If set to true, the index is optimized once all documents are uploaded. Default is false.</ns1:parameterDescription>
          <ns1:parameterType>boolean</ns1:parameterType>
          <ns1:optional>false</ns1:optional>
          <ns1:multiValue>false</ns1:multiValue>
          <ns1:defaultValue>false</ns1:defaultValue>
        </ns1:parameterInfo>
      </ns1:parameterInfos>
    </ns1:inputContentResourceInfo>
    <ns1:componentCreationInfo>
      <ns1:framework>UIMA</ns1:framework>
      <ns1:implementationLanguage>Java</ns1:implementationLanguage>
    </ns1:componentCreationInfo>
    <ns1:scmInfo>
      <ns1:connection>scm:git:git://github.com/dkpro/dkpro-core/de.tudarmstadt.ukp.dkpro.core.io.solr-asl</ns1:connection>
      <ns1:developerConnection>scm:git:git@github.com:dkpro/dkpro-core.git/de.tudarmstadt.ukp.dkpro.core.io.solr-asl</ns1:developerConnection>
      <ns1:tag>HEAD</ns1:tag>
      <ns1:url>https://github.com/dkpro/dkpro-core/de.tudarmstadt.ukp.dkpro.core.io.solr-asl</ns1:url>
    </ns1:scmInfo>
    <ns1:issueManagementInfo>
      <ns1:system>GitHub Issues</ns1:system>
      <ns1:url>https://github.com/dkpro/dkpro-core/issues</ns1:url>
    </ns1:issueManagementInfo>
  </ns1:componentInfo>
</ns1:componentMetadataRecord>
