<?xml version="1.0" encoding="UTF-8"?>
<ns1:componentMetadataRecord xmlns:xsi="http://www.w3.org/2001/XMLSchema-instance" xmlns:ns1="http://www.meta-share.org/OMTD-SHARE_XMLSchema" xsi:schemaLocation="http://www.meta-share.org/OMTD-SHARE_XMLSchema http://www.meta-share.org/OMTD-SHARE_XMLSchema/v200/OMTD-SHARE-Component.xsd">
  <ns1:componentInfo>
    <ns1:resourceType>component</ns1:resourceType>
    <ns1:identificationInfo>
      <ns1:resourceNames>
        <ns1:resourceName>XPath-based XML Reader</ns1:resourceName>
      </ns1:resourceNames>
      <ns1:descriptions>
        <ns1:description>A component reader for XML files implemented with XPath.
&lt;p&gt;
This is currently optimized for TREC format, which means the style topics are presented in. You
should provide the parameter XPath expression that of the &lt;i&gt;parent&lt;/i&gt; node And the child nodes
of each parent node will be stored separately in its own CAS.
&lt;p&gt;
If your expression evaluates to leaf nodes, empty CASes will be created.</ns1:description>
      </ns1:descriptions>
      <ns1:resourceIdentifiers>
        <ns1:resourceIdentifier resourceIdentifierSchemeName="maven">mvn:de.tudarmstadt.ukp.dkpro.core:de.tudarmstadt.ukp.dkpro.core.io.xml-asl:1.9.0-SNAPSHOT#de.tudarmstadt.ukp.dkpro.core.io.xml.XmlXPathReader</ns1:resourceIdentifier>
      </ns1:resourceIdentifiers>
      <ns1:public>false</ns1:public>
    </ns1:identificationInfo>
    <ns1:versionInfo>
      <ns1:version>1.9.0-SNAPSHOT</ns1:version>
    </ns1:versionInfo>
    <ns1:contactInfo>
      <ns1:landingPage>https://dkpro.github.io/dkpro-core/de.tudarmstadt.ukp.dkpro.core.io.xml-asl/</ns1:landingPage>
      <ns1:contactGroups>
        <ns1:contactGroup>
          <ns1:groupNames>
            <ns1:groupName>DKPro Core Project</ns1:groupName>
          </ns1:groupNames>
        </ns1:contactGroup>
        <ns1:contactGroup>
          <ns1:groupNames>
            <ns1:groupName>Ubiquitous Knowledge Processing (UKP) Lab, Technische Universität Darmstadt</ns1:groupName>
          </ns1:groupNames>
          <ns1:affiliatedOrganization>
            <ns1:organizationNames>
              <ns1:organizationName>Ubiquitous Knowledge Processing (UKP) Lab, Technische Universität Darmstadt</ns1:organizationName>
            </ns1:organizationNames>
          </ns1:affiliatedOrganization>
        </ns1:contactGroup>
      </ns1:contactGroups>
      <ns1:mailingLists>
        <ns1:mailingListInfo>
          <ns1:mailingListName>DKPro Core user mailing list</ns1:mailingListName>
          <ns1:subscribe>dkpro-core-user+subscribe@googlegroups.com</ns1:subscribe>
          <ns1:unsubscribe>dkpro-core-user+unsubscribe@googlegroups.com</ns1:unsubscribe>
          <ns1:post>dkpro-core-user@googlegroups.com</ns1:post>
          <ns1:archive>https://groups.google.com/forum/#!forum/dkpro-core-user</ns1:archive>
        </ns1:mailingListInfo>
        <ns1:mailingListInfo>
          <ns1:mailingListName>DKPro Core developer mailing list</ns1:mailingListName>
          <ns1:subscribe>dkpro-core-developers+subscribe@googlegroups.com</ns1:subscribe>
          <ns1:unsubscribe>dkpro-core-developers+unsubscribe@googlegroups.com</ns1:unsubscribe>
          <ns1:post>dkpro-core-developers@googlegroups.com</ns1:post>
          <ns1:archive>https://groups.google.com/forum/#!forum/dkpro-core-developers</ns1:archive>
        </ns1:mailingListInfo>
      </ns1:mailingLists>
    </ns1:contactInfo>
    <ns1:componentType>reader</ns1:componentType>
    <ns1:application>false</ns1:application>
    <ns1:distributionInfos>
      <ns1:componentDistributionInfo>
        <ns1:componentLoc>
          <ns1:componentDistributionForm>executableCode</ns1:componentDistributionForm>
          <ns1:distributionURL>mvn:de.tudarmstadt.ukp.dkpro.core:de.tudarmstadt.ukp.dkpro.core.io.xml-asl:1.9.0-SNAPSHOT#de.tudarmstadt.ukp.dkpro.core.io.xml.XmlXPathReader</ns1:distributionURL>
        </ns1:componentLoc>
        <ns1:command>de.tudarmstadt.ukp.dkpro.core.io.xml.XmlXPathReader</ns1:command>
        <ns1:operatingSystems>
          <ns1:operatingSystem>os-independent</ns1:operatingSystem>
        </ns1:operatingSystems>
        <ns1:rightsInfo>
          <ns1:licenceInfos>
            <ns1:licenceInfo>
              <ns1:licence>Apache-2.0</ns1:licence>
            </ns1:licenceInfo>
          </ns1:licenceInfos>
        </ns1:rightsInfo>
        <ns1:copyrightStatements>
          <ns1:copyrightStatement>Copyright 2007-2017
                            Ubiquitous Knowledge Processing (UKP) Lab
                            Technische Universität Darmstadt</ns1:copyrightStatement>
        </ns1:copyrightStatements>
      </ns1:componentDistributionInfo>
    </ns1:distributionInfos>
    <ns1:inputContentResourceInfo>
      <ns1:parameterInfos>
        <ns1:parameterInfo>
          <ns1:parameterName>rootXPath</ns1:parameterName>
          <ns1:parameterLabel>rootXPath</ns1:parameterLabel>
          <ns1:parameterDescription>Specifies the XPath expression to all nodes to be processed. Different segments will be
separated via PARAM_ID_TAG, and each segment will be stored in a separate CAS.</ns1:parameterDescription>
          <ns1:parameterType>string</ns1:parameterType>
          <ns1:optional>false</ns1:optional>
          <ns1:multiValue>false</ns1:multiValue>
        </ns1:parameterInfo>
        <ns1:parameterInfo>
          <ns1:parameterName>includeTags</ns1:parameterName>
          <ns1:parameterLabel>includeTags</ns1:parameterLabel>
          <ns1:parameterDescription>Tags which should be worked on. If empty then all tags will be processed.
&lt;p&gt;

If this and PARAM_EXCLUDE_TAGS are both provided, tags in set PARAM_INCLUDE_TAGS -
PARAM_EXCLUDE_TAGS will be processed.</ns1:parameterDescription>
          <ns1:parameterType>string</ns1:parameterType>
          <ns1:optional>false</ns1:optional>
          <ns1:multiValue>true</ns1:multiValue>
        </ns1:parameterInfo>
        <ns1:parameterInfo>
          <ns1:parameterName>excludeTags</ns1:parameterName>
          <ns1:parameterLabel>excludeTags</ns1:parameterLabel>
          <ns1:parameterDescription>Tags which should be ignored. If empty then all tags will be processed.
&lt;p&gt;

If this and PARAM_INCLUDE_TAGS are both provided, tags in set PARAM_INCLUDE_TAGS -
PARAM_EXCLUDE_TAGS will be processed.</ns1:parameterDescription>
          <ns1:parameterType>string</ns1:parameterType>
          <ns1:optional>false</ns1:optional>
          <ns1:multiValue>true</ns1:multiValue>
        </ns1:parameterInfo>
        <ns1:parameterInfo>
          <ns1:parameterName>language</ns1:parameterName>
          <ns1:parameterLabel>language</ns1:parameterLabel>
          <ns1:parameterDescription>Language of the documents. If given, it will be set in each CAS.</ns1:parameterDescription>
          <ns1:parameterType>string</ns1:parameterType>
          <ns1:optional>true</ns1:optional>
          <ns1:multiValue>false</ns1:multiValue>
        </ns1:parameterInfo>
        <ns1:parameterInfo>
          <ns1:parameterName>workingDir</ns1:parameterName>
          <ns1:parameterLabel>workingDir</ns1:parameterLabel>
          <ns1:parameterDescription>Specify to substitute tag names in CAS.
&lt;p&gt;
Please give the substitutions each in before - after order. For example to substitute "foo"
with "bar", and "hey" with "ho", you can provide { "foo", "bar", "hey", "ho" }.</ns1:parameterDescription>
          <ns1:parameterType>string</ns1:parameterType>
          <ns1:optional>true</ns1:optional>
          <ns1:multiValue>true</ns1:multiValue>
        </ns1:parameterInfo>
        <ns1:parameterInfo>
          <ns1:parameterName>docIdTag</ns1:parameterName>
          <ns1:parameterLabel>docIdTag</ns1:parameterLabel>
          <ns1:parameterDescription>Tag which contains the docId. If it is given, it will be ensured that within the same
document there is only one id tag and it is not empty</ns1:parameterDescription>
          <ns1:parameterType>string</ns1:parameterType>
          <ns1:optional>true</ns1:optional>
          <ns1:multiValue>false</ns1:multiValue>
        </ns1:parameterInfo>
        <ns1:parameterInfo>
          <ns1:parameterName>sourceLocation</ns1:parameterName>
          <ns1:parameterLabel>sourceLocation</ns1:parameterLabel>
          <ns1:parameterDescription>Location from which the input is read.</ns1:parameterDescription>
          <ns1:parameterType>string</ns1:parameterType>
          <ns1:optional>true</ns1:optional>
          <ns1:multiValue>false</ns1:multiValue>
        </ns1:parameterInfo>
        <ns1:parameterInfo>
          <ns1:parameterName>patterns</ns1:parameterName>
          <ns1:parameterLabel>patterns</ns1:parameterLabel>
          <ns1:parameterDescription>A set of Ant-like include/exclude patterns. A pattern starts with #INCLUDE_PREFIX [+]
if it is an include pattern and with #EXCLUDE_PREFIX [-] if it is an exclude pattern.
The wildcard &lt;code&gt;&amp;#47;**&amp;#47;&lt;/code&gt; can be used to address any number of sub-directories.
The wildcard * can be used to a address a part of a name.</ns1:parameterDescription>
          <ns1:parameterType>string</ns1:parameterType>
          <ns1:optional>false</ns1:optional>
          <ns1:multiValue>true</ns1:multiValue>
        </ns1:parameterInfo>
        <ns1:parameterInfo>
          <ns1:parameterName>useDefaultExcludes</ns1:parameterName>
          <ns1:parameterLabel>useDefaultExcludes</ns1:parameterLabel>
          <ns1:parameterDescription>Use the default excludes.</ns1:parameterDescription>
          <ns1:parameterType>boolean</ns1:parameterType>
          <ns1:optional>false</ns1:optional>
          <ns1:multiValue>false</ns1:multiValue>
          <ns1:defaultValue>true</ns1:defaultValue>
        </ns1:parameterInfo>
        <ns1:parameterInfo>
          <ns1:parameterName>caseSensitive</ns1:parameterName>
          <ns1:parameterLabel>caseSensitive</ns1:parameterLabel>
          <ns1:parameterDescription>States whether the matching is done case sensitive. (default: true)</ns1:parameterDescription>
          <ns1:parameterType>boolean</ns1:parameterType>
          <ns1:optional>true</ns1:optional>
          <ns1:multiValue>false</ns1:multiValue>
          <ns1:defaultValue>true</ns1:defaultValue>
        </ns1:parameterInfo>
      </ns1:parameterInfos>
    </ns1:inputContentResourceInfo>
    <ns1:outputResourceInfo>
      <ns1:dataFormats>
        <ns1:dataFormatInfo>
          <ns1:mimeType>text/xml</ns1:mimeType>
        </ns1:dataFormatInfo>
      </ns1:dataFormats>
    </ns1:outputResourceInfo>
    <ns1:componentCreationInfo>
      <ns1:framework>UIMA</ns1:framework>
      <ns1:implementationLanguage>Java</ns1:implementationLanguage>
    </ns1:componentCreationInfo>
    <ns1:scmInfo>
      <ns1:connection>scm:git:git://github.com/dkpro/dkpro-core/de.tudarmstadt.ukp.dkpro.core.io.xml-asl</ns1:connection>
      <ns1:developerConnection>scm:git:git@github.com:dkpro/dkpro-core.git/de.tudarmstadt.ukp.dkpro.core.io.xml-asl</ns1:developerConnection>
      <ns1:tag>HEAD</ns1:tag>
      <ns1:url>https://github.com/dkpro/dkpro-core/de.tudarmstadt.ukp.dkpro.core.io.xml-asl</ns1:url>
    </ns1:scmInfo>
    <ns1:issueManagementInfo>
      <ns1:system>GitHub Issues</ns1:system>
      <ns1:url>https://github.com/dkpro/dkpro-core/issues</ns1:url>
    </ns1:issueManagementInfo>
  </ns1:componentInfo>
</ns1:componentMetadataRecord>
