<?xml version="1.0" encoding="UTF-8"?>
<ms:componentMetadataRecord xsi:schemaLocation="http://www.meta-share.org/OMTD-SHARE_XMLSchema http://www.meta-share.org/OMTD-SHARE_XMLSchema/v302/OMTD-SHARE-Component.xsd" xmlns:ms="http://www.meta-share.org/OMTD-SHARE_XMLSchema" xmlns:xsi="http://www.w3.org/2001/XMLSchema-instance">
  <ms:componentInfo>
    <ms:resourceType>component</ms:resourceType>
    <ms:identificationInfo>
      <ms:resourceNames>
        <ms:resourceName>AlvisIRIndexer</ms:resourceName>
      </ms:resourceNames>
      <ms:descriptions>
        <ms:description>
      synopsis
    </ms:description>
      </ms:descriptions>
      <ms:resourceIdentifiers>
        <ms:resourceIdentifier resourceIdentifierSchemeName="OMTD-docker">org.bibliome.alvisnlp.modules.alvisir2.AlvisIRIndexer</ms:resourceIdentifier>
      </ms:resourceIdentifiers>
      <ms:public>false</ms:public>
    </ms:identificationInfo>
    <ms:versionInfo>
      <ms:version>1.0.0</ms:version>
    </ms:versionInfo>
    <ms:contactInfo>
    <ms:contactPoint>https://github.com/Bibliome/alvisnlp</ms:contactPoint>
    <ms:contactType>landingPage</ms:contactType>
      <ms:contactGroups>
        <ms:contactGroup>
          <ms:groupNames>
            <ms:groupName>BIBLIOME</ms:groupName>
          </ms:groupNames>
        </ms:contactGroup>
      </ms:contactGroups>
    </ms:contactInfo>
    <ms:application>false</ms:application>
    <ms:functionInfo>
					<ms:function>http://w3id.org/meta-share/omtd-share/SupportComponent</ms:function>
				</ms:functionInfo>
    <ms:distributionInfos>
      <ms:componentDistributionInfo>
          <ms:componentDistributionForm>sourceAndExecutableCode</ms:componentDistributionForm>
          <ms:distributionLocation>https://hub.docker.com/r/bibliome/alvisengine</ms:distributionLocation>
        <ms:command>alvisnlp</ms:command>
        <ms:operatingSystems>
          <ms:operatingSystem>linux</ms:operatingSystem>
        </ms:operatingSystems>
      </ms:componentDistributionInfo>
    </ms:distributionInfos>
        <ms:rightsInfo>
          <ms:licenceInfos>
            <ms:licenceInfo>
              <ms:licence>Apache-2.0</ms:licence>
            </ms:licenceInfo>
          </ms:licenceInfos>
          <ms:rightsStatement>openAccess</ms:rightsStatement>
        </ms:rightsInfo>
              <ms:parameterInfos>
        <ms:parameterInfo>
          <ms:parameterName>indexDir</ms:parameterName>
          <ms:parameterLabel>indexDir</ms:parameterLabel>
          <ms:parameterDescription></ms:parameterDescription>
          <ms:parameterType>string</ms:parameterType>
          <ms:optional>true</ms:optional>
          <ms:multiValue>false</ms:multiValue>
        </ms:parameterInfo>
        <ms:parameterInfo>
          <ms:parameterName>active</ms:parameterName>
          <ms:parameterLabel>active</ms:parameterLabel>
          <ms:parameterDescription></ms:parameterDescription>
          <ms:parameterType>string</ms:parameterType>
          <ms:optional>true</ms:optional>
          <ms:multiValue>false</ms:multiValue>
          <ms:defaultValue>true</ms:defaultValue>
        </ms:parameterInfo>
        <ms:parameterInfo>
          <ms:parameterName>tokenPositionGap</ms:parameterName>
          <ms:parameterLabel>tokenPositionGap</ms:parameterLabel>
          <ms:parameterDescription></ms:parameterDescription>
          <ms:parameterType>string</ms:parameterType>
          <ms:optional>true</ms:optional>
          <ms:multiValue>false</ms:multiValue>
          <ms:defaultValue>256</ms:defaultValue>
        </ms:parameterInfo>
        <ms:parameterInfo>
          <ms:parameterName>documents</ms:parameterName>
          <ms:parameterLabel>documents</ms:parameterLabel>
          <ms:parameterDescription></ms:parameterDescription>
          <ms:parameterType>string</ms:parameterType>
          <ms:optional>true</ms:optional>
          <ms:multiValue>false</ms:multiValue>
        </ms:parameterInfo>
        <ms:parameterInfo>
          <ms:parameterName>recordGlobalIndexAttributes</ms:parameterName>
          <ms:parameterLabel>recordGlobalIndexAttributes</ms:parameterLabel>
          <ms:parameterDescription></ms:parameterDescription>
          <ms:parameterType>boolean</ms:parameterType>
          <ms:optional>true</ms:optional>
          <ms:multiValue>false</ms:multiValue>
          <ms:defaultValue>true</ms:defaultValue>
        </ms:parameterInfo>
        <ms:parameterInfo>
          <ms:parameterName>clearIndex</ms:parameterName>
          <ms:parameterLabel>clearIndex</ms:parameterLabel>
          <ms:parameterDescription></ms:parameterDescription>
          <ms:parameterType>boolean</ms:parameterType>
          <ms:optional>true</ms:optional>
          <ms:multiValue>false</ms:multiValue>
          <ms:defaultValue>true</ms:defaultValue>
        </ms:parameterInfo>
        <ms:parameterInfo>
          <ms:parameterName>fieldNames</ms:parameterName>
          <ms:parameterLabel>fieldNames</ms:parameterLabel>
          <ms:parameterDescription></ms:parameterDescription>
          <ms:parameterType>string</ms:parameterType>
          <ms:optional>true</ms:optional>
          <ms:multiValue>false</ms:multiValue>
        </ms:parameterInfo>
        <ms:parameterInfo>
          <ms:parameterName>relations</ms:parameterName>
          <ms:parameterLabel>relations</ms:parameterLabel>
          <ms:parameterDescription></ms:parameterDescription>
          <ms:parameterType>string</ms:parameterType>
          <ms:optional>true</ms:optional>
          <ms:multiValue>false</ms:multiValue>
          <ms:defaultValue>{}</ms:defaultValue>
        </ms:parameterInfo>
        <ms:parameterInfo>
          <ms:parameterName>propertyKeys</ms:parameterName>
          <ms:parameterLabel>propertyKeys</ms:parameterLabel>
          <ms:parameterDescription></ms:parameterDescription>
          <ms:parameterType>string</ms:parameterType>
          <ms:optional>true</ms:optional>
          <ms:multiValue>false</ms:multiValue>
        </ms:parameterInfo>
        <ms:parameterInfo>
          <ms:parameterName>userFunctions</ms:parameterName>
          <ms:parameterLabel>userFunctions</ms:parameterLabel>
          <ms:parameterDescription>Set user functions available for this module. If this module is a sequence, then all compounds inherit its functions.</ms:parameterDescription>
          <ms:parameterType>string</ms:parameterType>
          <ms:optional>true</ms:optional>
          <ms:multiValue>false</ms:multiValue>
        </ms:parameterInfo>
      </ms:parameterInfos>
    <ms:inputContentResourceInfo>
        <ms:processingResourceType>corpus</ms:processingResourceType>
      <ms:dataFormats>
        <ms:dataFormatInfo>
          <ms:dataFormat>http://w3id.org/meta-share/omtd-share/Bionlp</ms:dataFormat>
        </ms:dataFormatInfo>
      </ms:dataFormats>
      <ms:languages>
        <ms:language>en</ms:language>
      </ms:languages>
    </ms:inputContentResourceInfo>
    <ms:outputResourceInfo>
        <ms:processingResourceType>corpus</ms:processingResourceType>
      <ms:dataFormats>
        <ms:dataFormatInfo>
          <ms:dataFormat>http://w3id.org/meta-share/omtd-share/Bionlp</ms:dataFormat>
        </ms:dataFormatInfo>
      </ms:dataFormats>
    </ms:outputResourceInfo>
    <ms:componentCreationInfo>
      <ms:framework>AlvisNLP</ms:framework>
      <ms:implementationLanguage>Java</ms:implementationLanguage>
    </ms:componentCreationInfo>
  </ms:componentInfo>
</ms:componentMetadataRecord>
