<?xml version="1.0" encoding="UTF-8"?>
<ms:componentMetadataRecord xsi:schemaLocation="http://www.meta-share.org/OMTD-SHARE_XMLSchema http://www.meta-share.org/OMTD-SHARE_XMLSchema/v302/OMTD-SHARE-Component.xsd" xmlns:ms="http://www.meta-share.org/OMTD-SHARE_XMLSchema" xmlns:xsi="http://www.w3.org/2001/XMLSchema-instance">
  <ms:componentInfo>
    <ms:resourceType>component</ms:resourceType>
    <ms:identificationInfo>
      <ms:resourceNames>
        <ms:resourceName>CCGParser</ms:resourceName>
      </ms:resourceNames>
      <ms:descriptions>
        <ms:description>
       applies the CCG Parser to sentences specified as annotations from the  layer. Sentence words are specified by annotations in the  layer. For each sentence, only words entirely included in the sentence will be considered;  and  should create these layers with the appropriate annotations. Additionally CCGParser takes advantage of word POS tag specified in the  feature.
       creates a relation named  in each section and a tuple in this relation for each dependency. This relation is ternary:
      
	: the first argument is the sentence in which the dependency was found;
	: the second argument is the head word of the dependency;
	: the third argument is the dependent word of the dependency.
      
       adds to each dependency tuple a feature  with the linkage number to which begongs the tuple, and a feature  with the label of the dependency.
    </ms:description>
      </ms:descriptions>
      <ms:resourceIdentifiers>
        <ms:resourceIdentifier resourceIdentifierSchemeName="OMTD-docker">org.bibliome.alvisnlp.modules.ccg.CCGParser</ms:resourceIdentifier>
      </ms:resourceIdentifiers>
      <ms:public>false</ms:public>
    </ms:identificationInfo>
    <ms:versionInfo>
      <ms:version>1.0.0</ms:version>
    </ms:versionInfo>
    <ms:contactInfo>
    <ms:contactPoint>https://github.com/Bibliome/alvisnlp</ms:contactPoint>
    <ms:contactType>landingPage</ms:contactType>
      <ms:contactGroups>
        <ms:contactGroup>
          <ms:groupNames>
            <ms:groupName>BIBLIOME</ms:groupName>
          </ms:groupNames>
        </ms:contactGroup>
      </ms:contactGroups>
    </ms:contactInfo>
    <ms:application>false</ms:application>
    <ms:functionInfo>
					<ms:function>http://w3id.org/meta-share/omtd-share/Parser</ms:function>
				</ms:functionInfo>
    <ms:distributionInfos>
      <ms:componentDistributionInfo>
          <ms:componentDistributionForm>sourceAndExecutableCode</ms:componentDistributionForm>
          <ms:distributionLocation>https://hub.docker.com/r/bibliome/alvisengine</ms:distributionLocation>
        <ms:command>alvisnlp</ms:command>
        <ms:operatingSystems>
          <ms:operatingSystem>linux</ms:operatingSystem>
        </ms:operatingSystems>
      </ms:componentDistributionInfo>
    </ms:distributionInfos>
        <ms:rightsInfo>
          <ms:licenceInfos>
            <ms:licenceInfo>
              <ms:licence>Apache-2.0</ms:licence>
            </ms:licenceInfo>
          </ms:licenceInfos>
          <ms:rightsStatement>openAccess</ms:rightsStatement>
        </ms:rightsInfo>
              <ms:parameterInfos>
        <ms:parameterInfo>
          <ms:parameterName>maxRuns</ms:parameterName>
          <ms:parameterLabel>maxRuns</ms:parameterLabel>
          <ms:parameterDescription>Maximal number of CCG runs.</ms:parameterDescription>
          <ms:parameterType>string</ms:parameterType>
          <ms:optional>true</ms:optional>
          <ms:multiValue>false</ms:multiValue>
          <ms:defaultValue>1</ms:defaultValue>
        </ms:parameterInfo>
        <ms:parameterInfo>
          <ms:parameterName>active</ms:parameterName>
          <ms:parameterLabel>active</ms:parameterLabel>
          <ms:parameterDescription>This expression is evaluated as a boolean with the corpus as the context element, the module will process the document only if the result is true.</ms:parameterDescription>
          <ms:parameterType>string</ms:parameterType>
          <ms:optional>true</ms:optional>
          <ms:multiValue>false</ms:multiValue>
          <ms:defaultValue>true</ms:defaultValue>
        </ms:parameterInfo>
        <ms:parameterInfo>
          <ms:parameterName>sentenceRole</ms:parameterName>
          <ms:parameterLabel>sentenceRole</ms:parameterLabel>
          <ms:parameterDescription>Name of the role that denote the sentence to which belongs a dependency tuple.</ms:parameterDescription>
          <ms:parameterType>string</ms:parameterType>
          <ms:optional>true</ms:optional>
          <ms:multiValue>false</ms:multiValue>
          <ms:defaultValue>sentence</ms:defaultValue>
        </ms:parameterInfo>
        <ms:parameterInfo>
          <ms:parameterName>sentenceLayerName</ms:parameterName>
          <ms:parameterLabel>sentenceLayerName</ms:parameterLabel>
          <ms:parameterDescription>Name of the layer containing sentence annotations.</ms:parameterDescription>
          <ms:parameterType>string</ms:parameterType>
          <ms:optional>true</ms:optional>
          <ms:multiValue>false</ms:multiValue>
          <ms:defaultValue>sentences</ms:defaultValue>
        </ms:parameterInfo>
        <ms:parameterInfo>
          <ms:parameterName>stanfordMarkedUpScript</ms:parameterName>
          <ms:parameterLabel>stanfordMarkedUpScript</ms:parameterLabel>
          <ms:parameterDescription>Path to the markedup script for Stanford tagset output. See .</ms:parameterDescription>
          <ms:parameterType>string</ms:parameterType>
          <ms:optional>true</ms:optional>
          <ms:multiValue>false</ms:multiValue>
        </ms:parameterInfo>
        <ms:parameterInfo>
          <ms:parameterName>maxSuperCats</ms:parameterName>
          <ms:parameterLabel>maxSuperCats</ms:parameterLabel>
          <ms:parameterDescription>Maximum number of supercats before the parse explodes (cited from CCG documentation).</ms:parameterDescription>
          <ms:parameterType>string</ms:parameterType>
          <ms:optional>true</ms:optional>
          <ms:multiValue>false</ms:multiValue>
          <ms:defaultValue>500000</ms:defaultValue>
        </ms:parameterInfo>
        <ms:parameterInfo>
          <ms:parameterName>relationName</ms:parameterName>
          <ms:parameterLabel>relationName</ms:parameterLabel>
          <ms:parameterDescription>Name of the relation containing dependencies.</ms:parameterDescription>
          <ms:parameterType>string</ms:parameterType>
          <ms:optional>true</ms:optional>
          <ms:multiValue>false</ms:multiValue>
          <ms:defaultValue>dependencies</ms:defaultValue>
        </ms:parameterInfo>
        <ms:parameterInfo>
          <ms:parameterName>stanfordScript</ms:parameterName>
          <ms:parameterLabel>stanfordScript</ms:parameterLabel>
          <ms:parameterDescription>Post-processing script for Stanford tagset output. See .</ms:parameterDescription>
          <ms:parameterType>string</ms:parameterType>
          <ms:optional>true</ms:optional>
          <ms:multiValue>false</ms:multiValue>
        </ms:parameterInfo>
        <ms:parameterInfo>
          <ms:parameterName>wordLayerName</ms:parameterName>
          <ms:parameterLabel>wordLayerName</ms:parameterLabel>
          <ms:parameterDescription>Name of the layer containing word annotations.</ms:parameterDescription>
          <ms:parameterType>string</ms:parameterType>
          <ms:optional>true</ms:optional>
          <ms:multiValue>false</ms:multiValue>
          <ms:defaultValue>words</ms:defaultValue>
        </ms:parameterInfo>
        <ms:parameterInfo>
          <ms:parameterName>posFeatureName</ms:parameterName>
          <ms:parameterLabel>posFeatureName</ms:parameterLabel>
          <ms:parameterDescription>Name of the feature containing the word POS tag.</ms:parameterDescription>
          <ms:parameterType>string</ms:parameterType>
          <ms:optional>true</ms:optional>
          <ms:multiValue>false</ms:multiValue>
          <ms:defaultValue>pos</ms:defaultValue>
        </ms:parameterInfo>
        <ms:parameterInfo>
          <ms:parameterName>lpTransformation</ms:parameterName>
          <ms:parameterLabel>lpTransformation</ms:parameterLabel>
          <ms:parameterDescription>Either to translate into LP tag-set.</ms:parameterDescription>
          <ms:parameterType>boolean</ms:parameterType>
          <ms:optional>false</ms:optional>
          <ms:multiValue>false</ms:multiValue>
          <ms:defaultValue>false</ms:defaultValue>
        </ms:parameterInfo>
        <ms:parameterInfo>
          <ms:parameterName>parserModel</ms:parameterName>
          <ms:parameterLabel>parserModel</ms:parameterLabel>
          <ms:parameterDescription>Path to the parser model file.</ms:parameterDescription>
          <ms:parameterType>string</ms:parameterType>
          <ms:optional>true</ms:optional>
          <ms:multiValue>false</ms:multiValue>
        </ms:parameterInfo>
        <ms:parameterInfo>
          <ms:parameterName>documentFilter</ms:parameterName>
          <ms:parameterLabel>documentFilter</ms:parameterLabel>
          <ms:parameterDescription>Only process document that satisfy this filter.</ms:parameterDescription>
          <ms:parameterType>string</ms:parameterType>
          <ms:optional>true</ms:optional>
          <ms:multiValue>false</ms:multiValue>
          <ms:defaultValue>true</ms:defaultValue>
        </ms:parameterInfo>
        <ms:parameterInfo>
          <ms:parameterName>constantRelationFeatures</ms:parameterName>
          <ms:parameterLabel>constantRelationFeatures</ms:parameterLabel>
          <ms:parameterDescription>Constant features to add to each relation created by this module</ms:parameterDescription>
          <ms:parameterType>string</ms:parameterType>
          <ms:optional>true</ms:optional>
          <ms:multiValue>false</ms:multiValue>
        </ms:parameterInfo>
        <ms:parameterInfo>
          <ms:parameterName>formFeatureName</ms:parameterName>
          <ms:parameterLabel>formFeatureName</ms:parameterLabel>
          <ms:parameterDescription>Name of the feature containing the word surface form.</ms:parameterDescription>
          <ms:parameterType>string</ms:parameterType>
          <ms:optional>true</ms:optional>
          <ms:multiValue>false</ms:multiValue>
          <ms:defaultValue>form</ms:defaultValue>
        </ms:parameterInfo>
        <ms:parameterInfo>
          <ms:parameterName>sectionFilter</ms:parameterName>
          <ms:parameterLabel>sectionFilter</ms:parameterLabel>
          <ms:parameterDescription>Process only sections that satisfy this filter.</ms:parameterDescription>
          <ms:parameterType>string</ms:parameterType>
          <ms:optional>true</ms:optional>
          <ms:multiValue>false</ms:multiValue>
          <ms:defaultValue>boolean:and(true, boolean:and(nav:layer:sentences(), nav:layer:words()))</ms:defaultValue>
        </ms:parameterInfo>
        <ms:parameterInfo>
          <ms:parameterName>sentenceFilter</ms:parameterName>
          <ms:parameterLabel>sentenceFilter</ms:parameterLabel>
          <ms:parameterDescription>Process only sentences that satisfy this filter.</ms:parameterDescription>
          <ms:parameterType>string</ms:parameterType>
          <ms:optional>true</ms:optional>
          <ms:multiValue>false</ms:multiValue>
          <ms:defaultValue>true</ms:defaultValue>
        </ms:parameterInfo>
        <ms:parameterInfo>
          <ms:parameterName>headRole</ms:parameterName>
          <ms:parameterLabel>headRole</ms:parameterLabel>
          <ms:parameterDescription>Name of the role that denote the head word in the dependency tuple.</ms:parameterDescription>
          <ms:parameterType>string</ms:parameterType>
          <ms:optional>true</ms:optional>
          <ms:multiValue>false</ms:multiValue>
          <ms:defaultValue>head</ms:defaultValue>
        </ms:parameterInfo>
        <ms:parameterInfo>
          <ms:parameterName>labelFeatureName</ms:parameterName>
          <ms:parameterLabel>labelFeatureName</ms:parameterLabel>
          <ms:parameterDescription>Name of the feature containing the dependency label.</ms:parameterDescription>
          <ms:parameterType>string</ms:parameterType>
          <ms:optional>true</ms:optional>
          <ms:multiValue>false</ms:multiValue>
          <ms:defaultValue>label</ms:defaultValue>
        </ms:parameterInfo>
        <ms:parameterInfo>
          <ms:parameterName>executable</ms:parameterName>
          <ms:parameterLabel>executable</ms:parameterLabel>
          <ms:parameterDescription>Path to the CCG Parser executable.</ms:parameterDescription>
          <ms:parameterType>string</ms:parameterType>
          <ms:optional>true</ms:optional>
          <ms:multiValue>false</ms:multiValue>
        </ms:parameterInfo>
        <ms:parameterInfo>
          <ms:parameterName>dependentRole</ms:parameterName>
          <ms:parameterLabel>dependentRole</ms:parameterLabel>
          <ms:parameterDescription>Name of the role that denote the dependent word in the dependency tuple.</ms:parameterDescription>
          <ms:parameterType>string</ms:parameterType>
          <ms:optional>true</ms:optional>
          <ms:multiValue>false</ms:multiValue>
          <ms:defaultValue>dependent</ms:defaultValue>
        </ms:parameterInfo>
        <ms:parameterInfo>
          <ms:parameterName>superModel</ms:parameterName>
          <ms:parameterLabel>superModel</ms:parameterLabel>
          <ms:parameterDescription>Path to the CCG supertagger model file.</ms:parameterDescription>
          <ms:parameterType>string</ms:parameterType>
          <ms:optional>true</ms:optional>
          <ms:multiValue>false</ms:multiValue>
        </ms:parameterInfo>
        <ms:parameterInfo>
          <ms:parameterName>constantTupleFeatures</ms:parameterName>
          <ms:parameterLabel>constantTupleFeatures</ms:parameterLabel>
          <ms:parameterDescription>Constant features to add to each tuple created by this module</ms:parameterDescription>
          <ms:parameterType>string</ms:parameterType>
          <ms:optional>true</ms:optional>
          <ms:multiValue>false</ms:multiValue>
        </ms:parameterInfo>
        <ms:parameterInfo>
          <ms:parameterName>internalEncoding</ms:parameterName>
          <ms:parameterLabel>internalEncoding</ms:parameterLabel>
          <ms:parameterDescription>Character encoding of CCG tools input and output.</ms:parameterDescription>
          <ms:parameterType>string</ms:parameterType>
          <ms:optional>true</ms:optional>
          <ms:multiValue>false</ms:multiValue>
          <ms:defaultValue>UTF-8</ms:defaultValue>
        </ms:parameterInfo>
        <ms:parameterInfo>
          <ms:parameterName>userFunctions</ms:parameterName>
          <ms:parameterLabel>userFunctions</ms:parameterLabel>
          <ms:parameterDescription>Set user functions available for this module. If this module is a sequence, then all compounds inherit its functions.</ms:parameterDescription>
          <ms:parameterType>string</ms:parameterType>
          <ms:optional>true</ms:optional>
          <ms:multiValue>false</ms:multiValue>
        </ms:parameterInfo>
      </ms:parameterInfos>
    <ms:inputContentResourceInfo>
        <ms:processingResourceType>corpus</ms:processingResourceType>
      <ms:dataFormats>
        <ms:dataFormatInfo>
          <ms:dataFormat>http://w3id.org/meta-share/omtd-share/Bionlp</ms:dataFormat>
        </ms:dataFormatInfo>
      </ms:dataFormats>
      <ms:languages>
        <ms:language>en</ms:language>
      </ms:languages>
    </ms:inputContentResourceInfo>
    <ms:outputResourceInfo>
        <ms:processingResourceType>corpus</ms:processingResourceType>
      <ms:dataFormats>
        <ms:dataFormatInfo>
          <ms:dataFormat>http://w3id.org/meta-share/omtd-share/Bionlp</ms:dataFormat>
        </ms:dataFormatInfo>
      </ms:dataFormats>
    </ms:outputResourceInfo>
    <ms:componentCreationInfo>
      <ms:framework>AlvisNLP</ms:framework>
      <ms:implementationLanguage>Java</ms:implementationLanguage>
    </ms:componentCreationInfo>
  </ms:componentInfo>
</ms:componentMetadataRecord>
