<?xml version="1.0" encoding="UTF-8"?>
<ms:componentMetadataRecord xsi:schemaLocation="http://www.meta-share.org/OMTD-SHARE_XMLSchema http://www.meta-share.org/OMTD-SHARE_XMLSchema/v302/OMTD-SHARE-Component.xsd" xmlns:ms="http://www.meta-share.org/OMTD-SHARE_XMLSchema" xmlns:xsi="http://www.w3.org/2001/XMLSchema-instance">
  <ms:componentInfo>
    <ms:resourceType>component</ms:resourceType>
    <ms:identificationInfo>
      <ms:resourceNames>
        <ms:resourceName>XMLReader</ms:resourceName>
      </ms:resourceNames>
      <ms:descriptions>
        <ms:description>
       reads its input from  as XML and creates documents, sections, annotations, relations or tuples. The structure of the input XML is handled through the  XSLT stylesheet.
       also provides XSLT function and element extensions. The namespace for all extensions is xalan://org.bibliome.alvisnlp.modules.xml.XMLReader2.
      Element extensions
      
	
	  document: creates a document in the current corpus. The identifier is either a string specified by the attribute id, or an XPath expression specified by the xpath-id attribute. The expression is evaluated as a string.
	  section: creates a section in the current document; this element should occur inside a document element. The name of the section is either specified as a string in the name attribute, or as an XPath expression in the xpath-name attribute. The contents of the section is either specified as a string in the contents attribute, or as an XPath expression in the xpath-contents attribute.
	  annotation: creates an annotation in the current section; this element should occur inside a section element. The start and end positions are specified by the start and end attributes respectively. The value of these attributes are XPath expressions evaluated as integers. The layers in which the annotation should be added are either specified as a string by the layers attribute, or as an XPath expression by the xpath-layers attribute. The layers should be a space spearated list of layer names, the annotation will be added in each named layer. If the layers list is empty, then no annotation is created at all. Moreover an identifier for the created annotation may be specified either as a string by the ref attribute, or as an XPath expression by the xpath-ref attribute. This identifier can be referenced later to set tuple arguments.
	  relation: creates a relation in the current section; this element should occur inside a section element. The name of the relation is specified either as a string by the name attribute, or as an XPath expression by the xpath-name attribute.
	  tuple: creates a tuple inside the current relation; this element should occur inside a relation element.
	  arg: sets an argument of the current tuple; this element should occur inside a tuple element. The role of the argument is specified either as a string by the role attribute, or as an XPath expression by the xpath-role attribute. The identifier of the argument is specified either as a string by the ref attribute, or as an XPath expression by the xpath-ref attribute. The value must have been set previously in an annotation element.
	  feature: adds a feature to the current element; this element should occur inside a document, section, annotation, relation or tuple element. The name of the feature is set either as a string by the name attribute, or as an XPath expression by the xpath-name attribute. The value of the feature is set either as a string by the value attribute, or as an XPath expression by the xpath-value attribute.
	
      
      Function extensions
      
	
	  inline: this function evaluates as a node set containing a copy of each element inside the current node. The elements will have two additional attributes start and end that indicate the character positions of the start and end tags. These attributes have the namespace http://bibliome.jouy.inra.fr/alvisnlp/bibliome-module-factory/inline. This function is useful to read in-text annotations.
Note: the inline() function also process comment and processing instruction nodes. These nodes are then wrapped within an extra element named wrapper (in the namespace http://bibliome.jouy.inra.fr/alvisnlp/bibliome-module-factory/inline), which will have the two attributes start and end to indicate the character position where the comment or the processiçng instruction is inserted.
          
	
      
    </ms:description>
      </ms:descriptions>
      <ms:resourceIdentifiers>
        <ms:resourceIdentifier resourceIdentifierSchemeName="OMTD-docker">org.bibliome.alvisnlp.modules.xml.XMLReader</ms:resourceIdentifier>
      </ms:resourceIdentifiers>
      <ms:public>false</ms:public>
    </ms:identificationInfo>
    <ms:versionInfo>
      <ms:version>1.0.0</ms:version>
    </ms:versionInfo>
    <ms:contactInfo>
    <ms:contactPoint>https://github.com/Bibliome/alvisnlp</ms:contactPoint>
    <ms:contactType>landingPage</ms:contactType>
      <ms:contactGroups>
        <ms:contactGroup>
          <ms:groupNames>
            <ms:groupName>BIBLIOME</ms:groupName>
          </ms:groupNames>
        </ms:contactGroup>
      </ms:contactGroups>
    </ms:contactInfo>
    <ms:application>false</ms:application>
    <ms:functionInfo>
    <ms:function>http://w3id.org/meta-share/omtd-share/Reader</ms:function>
    </ms:functionInfo>
    <ms:distributionInfos>
      <ms:componentDistributionInfo>
          <ms:componentDistributionForm>dockerImage</ms:componentDistributionForm>
          <ms:distributionLocation>https://hub.docker.com/r/bibliome/alvisengine</ms:distributionLocation>
        <ms:command>alvisnlp</ms:command>
        <ms:operatingSystems>
          <ms:operatingSystem>linux</ms:operatingSystem>
        </ms:operatingSystems>
      </ms:componentDistributionInfo>
    </ms:distributionInfos>
        <ms:rightsInfo>
          <ms:licenceInfos>
            <ms:licenceInfo>
              <ms:licence>Apache-2.0</ms:licence>
            </ms:licenceInfo>
          </ms:licenceInfos>
          <ms:rightsStatement>openAccess</ms:rightsStatement>
        </ms:rightsInfo>
              <ms:parameterInfos>
        <ms:parameterInfo>
          <ms:parameterName>active</ms:parameterName>
          <ms:parameterLabel>active</ms:parameterLabel>
          <ms:parameterDescription>This expression is evaluated as a boolean with the corpus as the context element. If the value is false, then the module is not executed.</ms:parameterDescription>
          <ms:parameterType>string</ms:parameterType>
          <ms:optional>true</ms:optional>
          <ms:multiValue>false</ms:multiValue>
          <ms:defaultValue>true</ms:defaultValue>
        </ms:parameterInfo>
        <ms:parameterInfo>
          <ms:parameterName>xslTransform</ms:parameterName>
          <ms:parameterLabel>xslTransform</ms:parameterLabel>
          <ms:parameterDescription>XSLT Stylesheet to apply on the input.</ms:parameterDescription>
          <ms:parameterType>string</ms:parameterType>
          <ms:optional>true</ms:optional>
          <ms:multiValue>false</ms:multiValue>
        </ms:parameterInfo>
        <ms:parameterInfo>
          <ms:parameterName>constantAnnotationFeatures</ms:parameterName>
          <ms:parameterLabel>constantAnnotationFeatures</ms:parameterLabel>
          <ms:parameterDescription>Constant features to add to each annotation created by this module</ms:parameterDescription>
          <ms:parameterType>string</ms:parameterType>
          <ms:optional>true</ms:optional>
          <ms:multiValue>false</ms:multiValue>
        </ms:parameterInfo>
        <ms:parameterInfo>
          <ms:parameterName>constantDocumentFeatures</ms:parameterName>
          <ms:parameterLabel>constantDocumentFeatures</ms:parameterLabel>
          <ms:parameterDescription>Constant features to add to each document created by this module</ms:parameterDescription>
          <ms:parameterType>string</ms:parameterType>
          <ms:optional>true</ms:optional>
          <ms:multiValue>false</ms:multiValue>
        </ms:parameterInfo>
        <ms:parameterInfo>
          <ms:parameterName>constantRelationFeatures</ms:parameterName>
          <ms:parameterLabel>constantRelationFeatures</ms:parameterLabel>
          <ms:parameterDescription>Constant features to add to each relation created by this module</ms:parameterDescription>
          <ms:parameterType>string</ms:parameterType>
          <ms:optional>true</ms:optional>
          <ms:multiValue>false</ms:multiValue>
        </ms:parameterInfo>
        <ms:parameterInfo>
          <ms:parameterName>stringParams</ms:parameterName>
          <ms:parameterLabel>stringParams</ms:parameterLabel>
          <ms:parameterDescription>Parameters to pass to the XSLT Stylesheet specified by .</ms:parameterDescription>
          <ms:parameterType>string</ms:parameterType>
          <ms:optional>true</ms:optional>
          <ms:multiValue>false</ms:multiValue>
        </ms:parameterInfo>
        <ms:parameterInfo>
          <ms:parameterName>constantSectionFeatures</ms:parameterName>
          <ms:parameterLabel>constantSectionFeatures</ms:parameterLabel>
          <ms:parameterDescription>Constant features to add to each section created by this module</ms:parameterDescription>
          <ms:parameterType>string</ms:parameterType>
          <ms:optional>true</ms:optional>
          <ms:multiValue>false</ms:multiValue>
        </ms:parameterInfo>
        <ms:parameterInfo>
          <ms:parameterName>sourcePath</ms:parameterName>
          <ms:parameterLabel>sourcePath</ms:parameterLabel>
          <ms:parameterDescription>Path to the source directory or source file.</ms:parameterDescription>
          <ms:parameterType>string</ms:parameterType>
          <ms:optional>true</ms:optional>
          <ms:multiValue>false</ms:multiValue>
        </ms:parameterInfo>
        <ms:parameterInfo>
          <ms:parameterName>constantTupleFeatures</ms:parameterName>
          <ms:parameterLabel>constantTupleFeatures</ms:parameterLabel>
          <ms:parameterDescription>Constant features to add to each tuple created by this module</ms:parameterDescription>
          <ms:parameterType>string</ms:parameterType>
          <ms:optional>true</ms:optional>
          <ms:multiValue>false</ms:multiValue>
        </ms:parameterInfo>
        <ms:parameterInfo>
          <ms:parameterName>html</ms:parameterName>
          <ms:parameterLabel>html</ms:parameterLabel>
          <ms:parameterDescription>Set to true if the input is HTML rather than XML.</ms:parameterDescription>
          <ms:parameterType>boolean</ms:parameterType>
          <ms:optional>false</ms:optional>
          <ms:multiValue>false</ms:multiValue>
          <ms:defaultValue>false</ms:defaultValue>
        </ms:parameterInfo>
        <ms:parameterInfo>
          <ms:parameterName>rawTagNames</ms:parameterName>
          <ms:parameterLabel>rawTagNames</ms:parameterLabel>
          <ms:parameterDescription>If true, do not convert tag names to upper case.</ms:parameterDescription>
          <ms:parameterType>boolean</ms:parameterType>
          <ms:optional>false</ms:optional>
          <ms:multiValue>false</ms:multiValue>
          <ms:defaultValue>false</ms:defaultValue>
        </ms:parameterInfo>
        <ms:parameterInfo>
          <ms:parameterName>userFunctions</ms:parameterName>
          <ms:parameterLabel>userFunctions</ms:parameterLabel>
          <ms:parameterDescription>Set user functions available for this module. If this module is a sequence, then all compounds inherit its functions.</ms:parameterDescription>
          <ms:parameterType>string</ms:parameterType>
          <ms:optional>true</ms:optional>
          <ms:multiValue>false</ms:multiValue>
        </ms:parameterInfo>
      </ms:parameterInfos>
            <ms:inputContentResourceInfo>
        <ms:processingResourceType>corpus</ms:processingResourceType>
      <ms:dataFormats>
        <ms:dataFormatInfo>
          <ms:dataFormat>http://w3id.org/meta-share/omtd-share/Bionlp</ms:dataFormat>
        </ms:dataFormatInfo>
      </ms:dataFormats>
      <ms:languages>
        <ms:language>en</ms:language>
      </ms:languages>
    </ms:inputContentResourceInfo>
    <ms:outputResourceInfo>
        <ms:processingResourceType>corpus</ms:processingResourceType>
      <ms:dataFormats>
        <ms:dataFormatInfo>
          <ms:dataFormat>http://w3id.org/meta-share/omtd-share/Bionlp</ms:dataFormat>
        </ms:dataFormatInfo>
      </ms:dataFormats>
    </ms:outputResourceInfo>
    <ms:componentCreationInfo>
      <ms:framework>AlvisNLP</ms:framework>
      <ms:implementationLanguage>Java</ms:implementationLanguage>
    </ms:componentCreationInfo>
  </ms:componentInfo>
</ms:componentMetadataRecord>
