<?xml version="1.0" encoding="UTF-8"?>
<ms:componentMetadataRecord xsi:schemaLocation="http://www.meta-share.org/OMTD-SHARE_XMLSchema http://www.meta-share.org/OMTD-SHARE_XMLSchema/v301/OMTD-SHARE-Component.xsd" xmlns:ms="http://www.meta-share.org/OMTD-SHARE_XMLSchema" xmlns:xsi="http://www.w3.org/2001/XMLSchema-instance">
	<ms:componentInfo>
		<ms:resourceType>component</ms:resourceType>
		<ms:identificationInfo>
			<ms:resourceNames>
				<ms:resourceName>alvis-br-train</ms:resourceName>
			</ms:resourceNames>
			<ms:descriptions>
				<ms:description>This component is used to train a SVM model for binary relation extration on text documents. It is based on TEES and it uses GeniaTagger.</ms:description>
			</ms:descriptions>
			<ms:resourceIdentifiers>
				<ms:resourceIdentifier resourceIdentifierSchemeName="OMTD-docker">org.bibliome.alvisnlp.modules.tees.alvis-br-train</ms:resourceIdentifier>
			</ms:resourceIdentifiers>
			<ms:public>false</ms:public>
		</ms:identificationInfo>
		<ms:versionInfo>
			<ms:version>1.0.0</ms:version>
		</ms:versionInfo>
		<ms:contactInfo>
			<ms:contactPoint>mandiayba@gmail.com</ms:contactPoint>
			<ms:contactType>contactEmail</ms:contactType>
			<ms:contactPersons>
				<ms:contactPerson>
					<ms:surname>Ba</ms:surname>
					<ms:givenName>Mouhamadou</ms:givenName>
					<ms:communicationInfo>
						<ms:emails>
							<ms:email>mandiayba@gmail.com</ms:email>
						</ms:emails>
					</ms:communicationInfo>
						<ms:affiliation>
							<ms:position>Researcher</ms:position>
							<ms:affiliatedOrganization>
								<ms:organizationNames>
									<ms:organizationName lang="en">INRA Jouy-en-Josas</ms:organizationName>
								</ms:organizationNames>
								<ms:departmentNames>
									<ms:departmentName lang="en">Bibliome/MaIAGE</ms:departmentName>
								</ms:departmentNames>
							</ms:affiliatedOrganization>
						</ms:affiliation>
				</ms:contactPerson>
			</ms:contactPersons>
		</ms:contactInfo>
		<ms:resourceDocumentations>
			<ms:resourceDocumentationInfo>
				<ms:documentationDescription>https://github.com/openminted/alvis-docker/tree/master/openminted-components/alvis-br-train</ms:documentationDescription>
				<ms:documentationType>onLineHelpURL</ms:documentationType>
			</ms:resourceDocumentationInfo>
		</ms:resourceDocumentations>
		<ms:application>false</ms:application>
		<ms:functionInfo>
			<ms:function>mlTrainer</ms:function>
		</ms:functionInfo>
		<ms:distributionInfos>
			<ms:componentDistributionInfo>
					<ms:componentDistributionForm>dockerImage</ms:componentDistributionForm>
					<ms:distributionLocation>bibliome/alvis-br-train</ms:distributionLocation>
					<ms:command>alvisnlp</ms:command>
									<ms:operatingSystems>
					<ms:operatingSystem>linux</ms:operatingSystem>
				</ms:operatingSystems>
				</ms:componentDistributionInfo>
		</ms:distributionInfos>
				<ms:rightsInfo>
					<ms:licenceInfos>
						<ms:licenceInfo>
							<ms:licence>Apache-2.0</ms:licence>
						</ms:licenceInfo>
					</ms:licenceInfos>
					<ms:rightsStatement>openAccess</ms:rightsStatement>
				</ms:rightsInfo>
			<ms:parameterInfos>
				<ms:parameterInfo>
					<ms:parameterName>train</ms:parameterName>
					<ms:parameterLabel>train directory</ms:parameterLabel>
					<ms:parameterDescription>train directory that contains train set</ms:parameterDescription>
					<ms:parameterType>string</ms:parameterType>
					<ms:optional>false</ms:optional>
					<ms:multiValue>false</ms:multiValue>
				</ms:parameterInfo>
				<ms:parameterInfo>
					<ms:parameterName>dev</ms:parameterName>
					<ms:parameterLabel>dev directory</ms:parameterLabel>
					<ms:parameterDescription>dev directory that contains dev set</ms:parameterDescription>
					<ms:parameterType>string</ms:parameterType>
					<ms:optional>false</ms:optional>
					<ms:multiValue>false</ms:multiValue>
				</ms:parameterInfo>
				<ms:parameterInfo>
					<ms:parameterName>test</ms:parameterName>
					<ms:parameterLabel>test directory</ms:parameterLabel>
					<ms:parameterDescription>test directory that contains test set</ms:parameterDescription>
					<ms:parameterType>string</ms:parameterType>
					<ms:optional>false</ms:optional>
					<ms:multiValue>false</ms:multiValue>
				</ms:parameterInfo>
				<ms:parameterInfo>
					<ms:parameterName>modelTargetDir</ms:parameterName>
					<ms:parameterLabel>model directory</ms:parameterLabel>
					<ms:parameterDescription> the directory where the trained model is saved</ms:parameterDescription>
					<ms:parameterType>string</ms:parameterType>
					<ms:optional>false</ms:optional>
					<ms:multiValue>false</ms:multiValue>
				</ms:parameterInfo>
			</ms:parameterInfos>		
		<ms:inputContentResourceInfo>
		<ms:processingResourceType>corpus</ms:processingResourceType>
			<ms:dataFormats>
				<ms:dataFormatInfo>
					<ms:dataFormat>text/plain</ms:dataFormat>
				</ms:dataFormatInfo>
			</ms:dataFormats>
			<ms:languages>
				<ms:language>en</ms:language>
			</ms:languages>
		</ms:inputContentResourceInfo>
		<ms:outputResourceInfo>
		<ms:processingResourceType>languageDescription</ms:processingResourceType>
			<ms:dataFormats>
				<ms:dataFormatInfo>
					<ms:dataFormat>text/plain</ms:dataFormat>
				</ms:dataFormatInfo>
			</ms:dataFormats>
			<ms:languages>
				<ms:language>en</ms:language>
			</ms:languages>
		</ms:outputResourceInfo>
		<ms:componentCreationInfo>
			<ms:framework>AlvisNLP</ms:framework>
			<ms:implementationLanguage>Java</ms:implementationLanguage>
		</ms:componentCreationInfo>
	</ms:componentInfo>
</ms:componentMetadataRecord>
