<?xml version="1.0" encoding="UTF-8"?>
<typeSystemDescription xmlns="http://uima.apache.org/resourceSpecifier">
    <types>
        <typeDescription>
            <name>uima.tcas.DocumentAnnotation</name>
            <description/>
            <supertypeName>uima.tcas.Annotation</supertypeName>
            <features>
                <featureDescription>
                    <name>language</name>
                    <description/>
                    <rangeTypeName>uima.cas.String</rangeTypeName>
                </featureDescription>
            </features>
        </typeDescription>
        <typeDescription>
            <name>de.tudarmstadt.ukp.dkpro.core.api.lexmorph.type.morph.Morpheme</name>
            <description/>
            <supertypeName>uima.tcas.Annotation</supertypeName>
            <features>
                <featureDescription>
                    <name>morphTag</name>
                    <description/>
                    <rangeTypeName>uima.cas.String</rangeTypeName>
                </featureDescription>
            </features>
        </typeDescription>
        <typeDescription>
            <name>de.tudarmstadt.ukp.dkpro.core.api.lexmorph.type.morph.MorphologicalFeatures</name>
            <description/>
            <supertypeName>uima.tcas.Annotation</supertypeName>
            <features>
                <featureDescription>
                    <name>gender</name>
                    <description/>
                    <rangeTypeName>uima.cas.String</rangeTypeName>
                </featureDescription>
                <featureDescription>
                    <name>number</name>
                    <description/>
                    <rangeTypeName>uima.cas.String</rangeTypeName>
                </featureDescription>
                <featureDescription>
                    <name>case</name>
                    <description/>
                    <rangeTypeName>uima.cas.String</rangeTypeName>
                </featureDescription>
                <featureDescription>
                    <name>degree</name>
                    <description/>
                    <rangeTypeName>uima.cas.String</rangeTypeName>
                </featureDescription>
                <featureDescription>
                    <name>verbForm</name>
                    <description/>
                    <rangeTypeName>uima.cas.String</rangeTypeName>
                </featureDescription>
                <featureDescription>
                    <name>tense</name>
                    <description/>
                    <rangeTypeName>uima.cas.String</rangeTypeName>
                </featureDescription>
                <featureDescription>
                    <name>mood</name>
                    <description/>
                    <rangeTypeName>uima.cas.String</rangeTypeName>
                </featureDescription>
                <featureDescription>
                    <name>voice</name>
                    <description/>
                    <rangeTypeName>uima.cas.String</rangeTypeName>
                </featureDescription>
                <featureDescription>
                    <name>definiteness</name>
                    <description/>
                    <rangeTypeName>uima.cas.String</rangeTypeName>
                </featureDescription>
                <featureDescription>
                    <name>value</name>
                    <description/>
                    <rangeTypeName>uima.cas.String</rangeTypeName>
                </featureDescription>
                <featureDescription>
                    <name>person</name>
                    <description/>
                    <rangeTypeName>uima.cas.String</rangeTypeName>
                </featureDescription>
                <featureDescription>
                    <name>aspect</name>
                    <description/>
                    <rangeTypeName>uima.cas.String</rangeTypeName>
                </featureDescription>
                <featureDescription>
                    <name>animacy</name>
                    <description/>
                    <rangeTypeName>uima.cas.String</rangeTypeName>
                </featureDescription>
                <featureDescription>
                    <name>negative</name>
                    <description/>
                    <rangeTypeName>uima.cas.String</rangeTypeName>
                </featureDescription>
                <featureDescription>
                    <name>numType</name>
                    <description/>
                    <rangeTypeName>uima.cas.String</rangeTypeName>
                </featureDescription>
                <featureDescription>
                    <name>possessive</name>
                    <description/>
                    <rangeTypeName>uima.cas.String</rangeTypeName>
                </featureDescription>
                <featureDescription>
                    <name>pronType</name>
                    <description/>
                    <rangeTypeName>uima.cas.String</rangeTypeName>
                </featureDescription>
                <featureDescription>
                    <name>reflex</name>
                    <description/>
                    <rangeTypeName>uima.cas.String</rangeTypeName>
                </featureDescription>
                <featureDescription>
                    <name>transitivity</name>
                    <description/>
                    <rangeTypeName>uima.cas.String</rangeTypeName>
                </featureDescription>
            </features>
        </typeDescription>
        <typeDescription>
            <name>de.tudarmstadt.ukp.dkpro.core.api.lexmorph.type.pos.POS</name>
            <description/>
            <supertypeName>uima.tcas.Annotation</supertypeName>
            <features>
                <featureDescription>
                    <name>PosValue</name>
                    <description/>
                    <rangeTypeName>uima.cas.String</rangeTypeName>
                </featureDescription>
                <featureDescription>
                    <name>coarseValue</name>
                    <description/>
                    <rangeTypeName>uima.cas.String</rangeTypeName>
                </featureDescription>
            </features>
        </typeDescription>
        <typeDescription>
            <name>de.tudarmstadt.ukp.dkpro.core.api.lexmorph.type.pos.POS_ADJ</name>
            <description/>
            <supertypeName>de.tudarmstadt.ukp.dkpro.core.api.lexmorph.type.pos.POS</supertypeName>
        </typeDescription>
        <typeDescription>
            <name>de.tudarmstadt.ukp.dkpro.core.api.lexmorph.type.pos.POS_ADP</name>
            <description/>
            <supertypeName>de.tudarmstadt.ukp.dkpro.core.api.lexmorph.type.pos.POS</supertypeName>
        </typeDescription>
        <typeDescription>
            <name>de.tudarmstadt.ukp.dkpro.core.api.lexmorph.type.pos.POS_ADV</name>
            <description/>
            <supertypeName>de.tudarmstadt.ukp.dkpro.core.api.lexmorph.type.pos.POS</supertypeName>
        </typeDescription>
        <typeDescription>
            <name>de.tudarmstadt.ukp.dkpro.core.api.lexmorph.type.pos.POS_AUX</name>
            <description/>
            <supertypeName>de.tudarmstadt.ukp.dkpro.core.api.lexmorph.type.pos.POS</supertypeName>
        </typeDescription>
        <typeDescription>
            <name>de.tudarmstadt.ukp.dkpro.core.api.lexmorph.type.pos.POS_CONJ</name>
            <description/>
            <supertypeName>de.tudarmstadt.ukp.dkpro.core.api.lexmorph.type.pos.POS</supertypeName>
        </typeDescription>
        <typeDescription>
            <name>de.tudarmstadt.ukp.dkpro.core.api.lexmorph.type.pos.POS_DET</name>
            <description/>
            <supertypeName>de.tudarmstadt.ukp.dkpro.core.api.lexmorph.type.pos.POS</supertypeName>
        </typeDescription>
        <typeDescription>
            <name>de.tudarmstadt.ukp.dkpro.core.api.lexmorph.type.pos.POS_INTJ</name>
            <description/>
            <supertypeName>de.tudarmstadt.ukp.dkpro.core.api.lexmorph.type.pos.POS</supertypeName>
        </typeDescription>
        <typeDescription>
            <name>de.tudarmstadt.ukp.dkpro.core.api.lexmorph.type.pos.POS_NOUN</name>
            <description/>
            <supertypeName>de.tudarmstadt.ukp.dkpro.core.api.lexmorph.type.pos.POS</supertypeName>
        </typeDescription>
        <typeDescription>
            <name>de.tudarmstadt.ukp.dkpro.core.api.lexmorph.type.pos.POS_NUM</name>
            <description/>
            <supertypeName>de.tudarmstadt.ukp.dkpro.core.api.lexmorph.type.pos.POS</supertypeName>
        </typeDescription>
        <typeDescription>
            <name>de.tudarmstadt.ukp.dkpro.core.api.lexmorph.type.pos.POS_PART</name>
            <description/>
            <supertypeName>de.tudarmstadt.ukp.dkpro.core.api.lexmorph.type.pos.POS</supertypeName>
        </typeDescription>
        <typeDescription>
            <name>de.tudarmstadt.ukp.dkpro.core.api.lexmorph.type.pos.POS_PRON</name>
            <description/>
            <supertypeName>de.tudarmstadt.ukp.dkpro.core.api.lexmorph.type.pos.POS</supertypeName>
        </typeDescription>
        <typeDescription>
            <name>de.tudarmstadt.ukp.dkpro.core.api.lexmorph.type.pos.POS_PROPN</name>
            <description/>
            <supertypeName>de.tudarmstadt.ukp.dkpro.core.api.lexmorph.type.pos.POS</supertypeName>
        </typeDescription>
        <typeDescription>
            <name>de.tudarmstadt.ukp.dkpro.core.api.lexmorph.type.pos.POS_PUNCT</name>
            <description/>
            <supertypeName>de.tudarmstadt.ukp.dkpro.core.api.lexmorph.type.pos.POS</supertypeName>
        </typeDescription>
        <typeDescription>
            <name>de.tudarmstadt.ukp.dkpro.core.api.lexmorph.type.pos.POS_SCONJ</name>
            <description/>
            <supertypeName>de.tudarmstadt.ukp.dkpro.core.api.lexmorph.type.pos.POS</supertypeName>
        </typeDescription>
        <typeDescription>
            <name>de.tudarmstadt.ukp.dkpro.core.api.lexmorph.type.pos.POS_SYM</name>
            <description/>
            <supertypeName>de.tudarmstadt.ukp.dkpro.core.api.lexmorph.type.pos.POS</supertypeName>
        </typeDescription>
        <typeDescription>
            <name>de.tudarmstadt.ukp.dkpro.core.api.lexmorph.type.pos.POS_VERB</name>
            <description/>
            <supertypeName>de.tudarmstadt.ukp.dkpro.core.api.lexmorph.type.pos.POS</supertypeName>
        </typeDescription>
        <typeDescription>
            <name>de.tudarmstadt.ukp.dkpro.core.api.lexmorph.type.pos.POS_X</name>
            <description/>
            <supertypeName>de.tudarmstadt.ukp.dkpro.core.api.lexmorph.type.pos.POS</supertypeName>
        </typeDescription>
        <typeDescription>
            <name>de.tudarmstadt.ukp.dkpro.core.api.lexmorph.type.pos.PP</name>
            <description/>
            <supertypeName>de.tudarmstadt.ukp.dkpro.core.api.lexmorph.type.pos.POS</supertypeName>
        </typeDescription>
        <typeDescription>
            <name>de.tudarmstadt.ukp.dkpro.core.api.lexmorph.type.pos.PR</name>
            <description/>
            <supertypeName>de.tudarmstadt.ukp.dkpro.core.api.lexmorph.type.pos.POS</supertypeName>
        </typeDescription>
        <typeDescription>
            <name>de.tudarmstadt.ukp.dkpro.core.api.lexmorph.type.pos.PRT</name>
            <description/>
            <supertypeName>de.tudarmstadt.ukp.dkpro.core.api.lexmorph.type.pos.POS</supertypeName>
        </typeDescription>
        <typeDescription>
            <name>de.tudarmstadt.ukp.dkpro.core.api.lexmorph.type.pos.PUNC</name>
            <description/>
            <supertypeName>de.tudarmstadt.ukp.dkpro.core.api.lexmorph.type.pos.POS</supertypeName>
        </typeDescription>
        <typeDescription>
            <name>de.tudarmstadt.ukp.dkpro.core.api.lexmorph.type.pos.V</name>
            <description/>
            <supertypeName>de.tudarmstadt.ukp.dkpro.core.api.lexmorph.type.pos.POS</supertypeName>
        </typeDescription>
        <typeDescription>
            <name>de.tudarmstadt.ukp.dkpro.core.api.lexmorph.type.pos.tweet.POS_AT</name>
            <description/>
            <supertypeName>de.tudarmstadt.ukp.dkpro.core.api.lexmorph.type.pos.POS_X</supertypeName>
        </typeDescription>
        <typeDescription>
            <name>de.tudarmstadt.ukp.dkpro.core.api.lexmorph.type.pos.tweet.POS_DM</name>
            <description/>
            <supertypeName>de.tudarmstadt.ukp.dkpro.core.api.lexmorph.type.pos.POS_X</supertypeName>
        </typeDescription>
        <typeDescription>
            <name>de.tudarmstadt.ukp.dkpro.core.api.lexmorph.type.pos.tweet.POS_EMO</name>
            <description/>
            <supertypeName>de.tudarmstadt.ukp.dkpro.core.api.lexmorph.type.pos.POS_X</supertypeName>
        </typeDescription>
        <typeDescription>
            <name>de.tudarmstadt.ukp.dkpro.core.api.lexmorph.type.pos.tweet.POS_HASH</name>
            <description/>
            <supertypeName>de.tudarmstadt.ukp.dkpro.core.api.lexmorph.type.pos.POS_X</supertypeName>
        </typeDescription>
        <typeDescription>
            <name>de.tudarmstadt.ukp.dkpro.core.api.lexmorph.type.pos.tweet.POS_INT</name>
            <description/>
            <supertypeName>de.tudarmstadt.ukp.dkpro.core.api.lexmorph.type.pos.POS_X</supertypeName>
        </typeDescription>
        <typeDescription>
            <name>de.tudarmstadt.ukp.dkpro.core.api.lexmorph.type.pos.tweet.POS_NNV</name>
            <description/>
            <supertypeName>de.tudarmstadt.ukp.dkpro.core.api.lexmorph.type.pos.POS_NOUN</supertypeName>
        </typeDescription>
        <typeDescription>
            <name>de.tudarmstadt.ukp.dkpro.core.api.lexmorph.type.pos.tweet.POS_NPV</name>
            <description/>
            <supertypeName>de.tudarmstadt.ukp.dkpro.core.api.lexmorph.type.pos.POS_NOUN</supertypeName>
        </typeDescription>
        <typeDescription>
            <name>de.tudarmstadt.ukp.dkpro.core.api.lexmorph.type.pos.tweet.POS_URL</name>
            <description/>
            <supertypeName>de.tudarmstadt.ukp.dkpro.core.api.lexmorph.type.pos.POS_X</supertypeName>
        </typeDescription>
        <typeDescription>
            <name>de.tudarmstadt.ukp.dkpro.core.api.metadata.type.DocumentMetaData</name>
            <description/>
            <supertypeName>uima.tcas.DocumentAnnotation</supertypeName>
            <features>
                <featureDescription>
                    <name>documentTitle</name>
                    <description/>
                    <rangeTypeName>uima.cas.String</rangeTypeName>
                </featureDescription>
                <featureDescription>
                    <name>documentId</name>
                    <description/>
                    <rangeTypeName>uima.cas.String</rangeTypeName>
                </featureDescription>
                <featureDescription>
                    <name>documentUri</name>
                    <description/>
                    <rangeTypeName>uima.cas.String</rangeTypeName>
                </featureDescription>
                <featureDescription>
                    <name>collectionId</name>
                    <description/>
                    <rangeTypeName>uima.cas.String</rangeTypeName>
                </featureDescription>
                <featureDescription>
                    <name>documentBaseUri</name>
                    <description/>
                    <rangeTypeName>uima.cas.String</rangeTypeName>
                </featureDescription>
                <featureDescription>
                    <name>isLastSegment</name>
                    <description/>
                    <rangeTypeName>uima.cas.Boolean</rangeTypeName>
                </featureDescription>
            </features>
        </typeDescription>
        <typeDescription>
            <name>de.tudarmstadt.ukp.dkpro.core.api.metadata.type.MetaDataStringField</name>
            <description/>
            <supertypeName>uima.tcas.Annotation</supertypeName>
            <features>
                <featureDescription>
                    <name>key</name>
                    <description/>
                    <rangeTypeName>uima.cas.String</rangeTypeName>
                </featureDescription>
                <featureDescription>
                    <name>value</name>
                    <description/>
                    <rangeTypeName>uima.cas.String</rangeTypeName>
                </featureDescription>
            </features>
        </typeDescription>
        <typeDescription>
            <name>de.tudarmstadt.ukp.dkpro.core.api.metadata.type.TagDescription</name>
            <description/>
            <supertypeName>uima.cas.TOP</supertypeName>
            <features>
                <featureDescription>
                    <name>name</name>
                    <description/>
                    <rangeTypeName>uima.cas.String</rangeTypeName>
                </featureDescription>
            </features>
        </typeDescription>
        <typeDescription>
            <name>de.tudarmstadt.ukp.dkpro.core.api.metadata.type.TagsetDescription</name>
            <description/>
            <supertypeName>uima.tcas.Annotation</supertypeName>
            <features>
                <featureDescription>
                    <name>layer</name>
                    <description/>
                    <rangeTypeName>uima.cas.String</rangeTypeName>
                </featureDescription>
                <featureDescription>
                    <name>name</name>
                    <description/>
                    <rangeTypeName>uima.cas.String</rangeTypeName>
                </featureDescription>
                <featureDescription>
                    <name>tags</name>
                    <description/>
                    <rangeTypeName>uima.cas.FSArray</rangeTypeName>
                    <elementType>de.tudarmstadt.ukp.dkpro.core.api.metadata.type.TagDescription</elementType>
                </featureDescription>
                <featureDescription>
                    <name>componentName</name>
                    <description/>
                    <rangeTypeName>uima.cas.String</rangeTypeName>
                </featureDescription>
                <featureDescription>
                    <name>modelLocation</name>
                    <description/>
                    <rangeTypeName>uima.cas.String</rangeTypeName>
                </featureDescription>
                <featureDescription>
                    <name>modelVariant</name>
                    <description/>
                    <rangeTypeName>uima.cas.String</rangeTypeName>
                </featureDescription>
                <featureDescription>
                    <name>modelLanguage</name>
                    <description/>
                    <rangeTypeName>uima.cas.String</rangeTypeName>
                </featureDescription>
                <featureDescription>
                    <name>modelVersion</name>
                    <description/>
                    <rangeTypeName>uima.cas.String</rangeTypeName>
                </featureDescription>
                <featureDescription>
                    <name>input</name>
                    <description/>
                    <rangeTypeName>uima.cas.Boolean</rangeTypeName>
                </featureDescription>
            </features>
        </typeDescription>
        <typeDescription>
            <name>de.tudarmstadt.ukp.dkpro.core.api.segmentation.type.Compound</name>
            <description/>
            <supertypeName>uima.tcas.Annotation</supertypeName>
            <features>
                <featureDescription>
                    <name>splits</name>
                    <description/>
                    <rangeTypeName>uima.cas.FSArray</rangeTypeName>
                    <elementType>de.tudarmstadt.ukp.dkpro.core.api.segmentation.type.Split</elementType>
                </featureDescription>
            </features>
        </typeDescription>
        <typeDescription>
            <name>de.tudarmstadt.ukp.dkpro.core.api.segmentation.type.Div</name>
            <description/>
            <supertypeName>uima.tcas.Annotation</supertypeName>
            <features>
                <featureDescription>
                    <name>divType</name>
                    <description/>
                    <rangeTypeName>uima.cas.String</rangeTypeName>
                </featureDescription>
                <featureDescription>
                    <name>id</name>
                    <description/>
                    <rangeTypeName>uima.cas.String</rangeTypeName>
                </featureDescription>
            </features>
        </typeDescription>
        <typeDescription>
            <name>de.tudarmstadt.ukp.dkpro.core.api.segmentation.type.Document</name>
            <description/>
            <supertypeName>de.tudarmstadt.ukp.dkpro.core.api.segmentation.type.Div</supertypeName>
        </typeDescription>
        <typeDescription>
            <name>de.tudarmstadt.ukp.dkpro.core.api.segmentation.type.Heading</name>
            <description/>
            <supertypeName>de.tudarmstadt.ukp.dkpro.core.api.segmentation.type.Div</supertypeName>
        </typeDescription>
        <typeDescription>
            <name>de.tudarmstadt.ukp.dkpro.core.api.segmentation.type.Lemma</name>
            <description/>
            <supertypeName>uima.tcas.Annotation</supertypeName>
            <features>
                <featureDescription>
                    <name>value</name>
                    <description/>
                    <rangeTypeName>uima.cas.String</rangeTypeName>
                </featureDescription>
            </features>
        </typeDescription>
        <typeDescription>
            <name>de.tudarmstadt.ukp.dkpro.core.api.segmentation.type.LexicalPhrase</name>
            <description/>
            <supertypeName>uima.tcas.Annotation</supertypeName>
            <features>
                <featureDescription>
                    <name>text</name>
                    <description/>
                    <rangeTypeName>uima.cas.String</rangeTypeName>
                </featureDescription>
            </features>
        </typeDescription>
        <typeDescription>
            <name>de.tudarmstadt.ukp.dkpro.core.api.segmentation.type.NGram</name>
            <description/>
            <supertypeName>uima.tcas.Annotation</supertypeName>
            <features>
                <featureDescription>
                    <name>text</name>
                    <description/>
                    <rangeTypeName>uima.cas.String</rangeTypeName>
                </featureDescription>
            </features>
        </typeDescription>
        <typeDescription>
            <name>de.tudarmstadt.ukp.dkpro.core.api.segmentation.type.Paragraph</name>
            <description/>
            <supertypeName>de.tudarmstadt.ukp.dkpro.core.api.segmentation.type.Div</supertypeName>
        </typeDescription>
        <typeDescription>
            <name>de.tudarmstadt.ukp.dkpro.core.api.segmentation.type.Sentence</name>
            <description/>
            <supertypeName>uima.tcas.Annotation</supertypeName>
            <features>
                <featureDescription>
                    <name>id</name>
                    <description/>
                    <rangeTypeName>uima.cas.String</rangeTypeName>
                </featureDescription>
            </features>
        </typeDescription>
        <typeDescription>
            <name>de.tudarmstadt.ukp.dkpro.core.api.segmentation.type.Split</name>
            <description/>
            <supertypeName>uima.tcas.Annotation</supertypeName>
            <features>
                <featureDescription>
                    <name>splits</name>
                    <description/>
                    <rangeTypeName>uima.cas.FSArray</rangeTypeName>
                    <elementType>de.tudarmstadt.ukp.dkpro.core.api.segmentation.type.Split</elementType>
                </featureDescription>
            </features>
        </typeDescription>
        <typeDescription>
            <name>de.tudarmstadt.ukp.dkpro.core.api.segmentation.type.Stem</name>
            <description/>
            <supertypeName>uima.tcas.Annotation</supertypeName>
            <features>
                <featureDescription>
                    <name>value</name>
                    <description/>
                    <rangeTypeName>uima.cas.String</rangeTypeName>
                </featureDescription>
            </features>
        </typeDescription>
        <typeDescription>
            <name>de.tudarmstadt.ukp.dkpro.core.api.segmentation.type.StopWord</name>
            <description/>
            <supertypeName>uima.tcas.Annotation</supertypeName>
        </typeDescription>
        <typeDescription>
            <name>de.tudarmstadt.ukp.dkpro.core.api.segmentation.type.SurfaceForm</name>
            <description/>
            <supertypeName>uima.tcas.Annotation</supertypeName>
            <features>
                <featureDescription>
                    <name>value</name>
                    <description/>
                    <rangeTypeName>uima.cas.String</rangeTypeName>
                </featureDescription>
            </features>
        </typeDescription>
        <typeDescription>
            <name>de.tudarmstadt.ukp.dkpro.core.api.segmentation.type.Token</name>
            <description/>
            <supertypeName>uima.tcas.Annotation</supertypeName>
            <features>
                <featureDescription>
                    <name>parent</name>
                    <description/>
                    <rangeTypeName>uima.tcas.Annotation</rangeTypeName>
                </featureDescription>
                <featureDescription>
                    <name>lemma</name>
                    <description/>
                    <rangeTypeName>de.tudarmstadt.ukp.dkpro.core.api.segmentation.type.Lemma</rangeTypeName>
                </featureDescription>
                <featureDescription>
                    <name>stem</name>
                    <description/>
                    <rangeTypeName>de.tudarmstadt.ukp.dkpro.core.api.segmentation.type.Stem</rangeTypeName>
                </featureDescription>
                <featureDescription>
                    <name>pos</name>
                    <description/>
                    <rangeTypeName>de.tudarmstadt.ukp.dkpro.core.api.lexmorph.type.pos.POS</rangeTypeName>
                </featureDescription>
                <featureDescription>
                    <name>morph</name>
                    <description/>
                    <rangeTypeName>de.tudarmstadt.ukp.dkpro.core.api.lexmorph.type.morph.MorphologicalFeatures</rangeTypeName>
                </featureDescription>
                <featureDescription>
                    <name>id</name>
                    <description/>
                    <rangeTypeName>uima.cas.String</rangeTypeName>
                </featureDescription>
                <featureDescription>
                    <name>form</name>
                    <description/>
                    <rangeTypeName>de.tudarmstadt.ukp.dkpro.core.api.segmentation.type.TokenForm</rangeTypeName>
                </featureDescription>
                <featureDescription>
                    <name>syntacticFunction</name>
                    <description/>
                    <rangeTypeName>uima.cas.String</rangeTypeName>
                </featureDescription>
            </features>
        </typeDescription>
        <typeDescription>
            <name>de.tudarmstadt.ukp.dkpro.core.api.segmentation.type.TokenForm</name>
            <description/>
            <supertypeName>uima.tcas.Annotation</supertypeName>
            <features>
                <featureDescription>
                    <name>value</name>
                    <description/>
                    <rangeTypeName>uima.cas.String</rangeTypeName>
                </featureDescription>
            </features>
        </typeDescription>
        <typeDescription>
            <name>de.tudarmstadt.ukp.dkpro.core.api.lexmorph.type.pos.ADJ</name>
            <description/>
            <supertypeName>de.tudarmstadt.ukp.dkpro.core.api.lexmorph.type.pos.POS</supertypeName>
        </typeDescription>
        <typeDescription>
            <name>de.tudarmstadt.ukp.dkpro.core.api.lexmorph.type.pos.ADV</name>
            <description/>
            <supertypeName>de.tudarmstadt.ukp.dkpro.core.api.lexmorph.type.pos.POS</supertypeName>
        </typeDescription>
        <typeDescription>
            <name>de.tudarmstadt.ukp.dkpro.core.api.lexmorph.type.pos.ART</name>
            <description/>
            <supertypeName>de.tudarmstadt.ukp.dkpro.core.api.lexmorph.type.pos.POS</supertypeName>
        </typeDescription>
        <typeDescription>
            <name>de.tudarmstadt.ukp.dkpro.core.api.lexmorph.type.pos.CARD</name>
            <description/>
            <supertypeName>de.tudarmstadt.ukp.dkpro.core.api.lexmorph.type.pos.POS</supertypeName>
        </typeDescription>
        <typeDescription>
            <name>de.tudarmstadt.ukp.dkpro.core.api.lexmorph.type.pos.CONJ</name>
            <description/>
            <supertypeName>de.tudarmstadt.ukp.dkpro.core.api.lexmorph.type.pos.POS</supertypeName>
        </typeDescription>
        <typeDescription>
            <name>de.tudarmstadt.ukp.dkpro.core.api.lexmorph.type.pos.N</name>
            <description/>
            <supertypeName>de.tudarmstadt.ukp.dkpro.core.api.lexmorph.type.pos.POS</supertypeName>
        </typeDescription>
        <typeDescription>
            <name>de.tudarmstadt.ukp.dkpro.core.api.lexmorph.type.pos.NN</name>
            <description/>
            <supertypeName>de.tudarmstadt.ukp.dkpro.core.api.lexmorph.type.pos.N</supertypeName>
        </typeDescription>
        <typeDescription>
            <name>de.tudarmstadt.ukp.dkpro.core.api.lexmorph.type.pos.NP</name>
            <description/>
            <supertypeName>de.tudarmstadt.ukp.dkpro.core.api.lexmorph.type.pos.N</supertypeName>
        </typeDescription>
        <typeDescription>
            <name>de.tudarmstadt.ukp.dkpro.core.api.lexmorph.type.pos.O</name>
            <description/>
            <supertypeName>de.tudarmstadt.ukp.dkpro.core.api.lexmorph.type.pos.POS</supertypeName>
        </typeDescription>
        <typeDescription>
            <name>de.tudarmstadt.ukp.dkpro.core.api.lexmorph.type.pos.tweet.AT</name>
            <description/>
            <supertypeName>de.tudarmstadt.ukp.dkpro.core.api.lexmorph.type.pos.O</supertypeName>
        </typeDescription>
        <typeDescription>
            <name>de.tudarmstadt.ukp.dkpro.core.api.lexmorph.type.pos.tweet.DM</name>
            <description/>
            <supertypeName>de.tudarmstadt.ukp.dkpro.core.api.lexmorph.type.pos.O</supertypeName>
        </typeDescription>
        <typeDescription>
            <name>de.tudarmstadt.ukp.dkpro.core.api.lexmorph.type.pos.tweet.EMO</name>
            <description/>
            <supertypeName>de.tudarmstadt.ukp.dkpro.core.api.lexmorph.type.pos.O</supertypeName>
        </typeDescription>
        <typeDescription>
            <name>de.tudarmstadt.ukp.dkpro.core.api.lexmorph.type.pos.tweet.HASH</name>
            <description/>
            <supertypeName>de.tudarmstadt.ukp.dkpro.core.api.lexmorph.type.pos.O</supertypeName>
        </typeDescription>
        <typeDescription>
            <name>de.tudarmstadt.ukp.dkpro.core.api.lexmorph.type.pos.tweet.INT</name>
            <description/>
            <supertypeName>de.tudarmstadt.ukp.dkpro.core.api.lexmorph.type.pos.O</supertypeName>
        </typeDescription>
        <typeDescription>
            <name>de.tudarmstadt.ukp.dkpro.core.api.lexmorph.type.pos.tweet.NNV</name>
            <description/>
            <supertypeName>de.tudarmstadt.ukp.dkpro.core.api.lexmorph.type.pos.N</supertypeName>
        </typeDescription>
        <typeDescription>
            <name>de.tudarmstadt.ukp.dkpro.core.api.lexmorph.type.pos.tweet.NPV</name>
            <description/>
            <supertypeName>de.tudarmstadt.ukp.dkpro.core.api.lexmorph.type.pos.N</supertypeName>
        </typeDescription>
        <typeDescription>
            <name>de.tudarmstadt.ukp.dkpro.core.api.lexmorph.type.pos.tweet.URL</name>
            <description/>
            <supertypeName>de.tudarmstadt.ukp.dkpro.core.api.lexmorph.type.pos.O</supertypeName>
        </typeDescription>
        <typeDescription>
            <name>de.tudarmstadt.ukp.dkpro.core.api.segmentation.type.CompoundPart</name>
            <description/>
            <supertypeName>de.tudarmstadt.ukp.dkpro.core.api.segmentation.type.Split</supertypeName>
        </typeDescription>
        <typeDescription>
            <name>de.tudarmstadt.ukp.dkpro.core.api.segmentation.type.LinkingMorpheme</name>
            <description/>
            <supertypeName>de.tudarmstadt.ukp.dkpro.core.api.segmentation.type.Split</supertypeName>
        </typeDescription>
    </types>
</typeSystemDescription>
