<?xml version="1.0" encoding="UTF-8"?><componentMetadataRecord xmlns="http://www.meta-share.org/OMTD-SHARE_XMLSchema" xmlns:xsi="http://www.w3.org/2001/XMLSchema-instance" xsi:schemaLocation="http://www.meta-share.org/OMTD-SHARE_XMLSchema OMTD-SHARE-Component.xsd">
  <componentInfo>
    <identificationInfo>
      <resourceNames>
        <resourceName lang="en">Stopwatch</resourceName>
      </resourceNames>
      <descriptions>
        <description lang="en">Can be used to measure how long the processing between two points in a pipeline takes.
For that purpose, the AE needs to be added two times, before and after the part of the pipeline that should be measured.</description>
      </descriptions>
      <identifiers>
        <identifier>337</identifier>
      </identifiers>
    </identificationInfo>
    <contactInfo>
      <landingPage>https://dkpro.github.io/dkpro-core/</landingPage>
      <contactGroups>
        <contactGroup>
          <relatedOrganization>
            <organizationNames>
              <organizationName>DKPro Team</organizationName>
            </organizationNames>
          </relatedOrganization>
        </contactGroup>
      </contactGroups>
      <mailingLists>
        <mailingListInfo>
          <mailingListName>DKPro Core user mailing list</mailingListName>
          <subscribe>dkpro-core-user+subscribe@googlegroups.com</subscribe>
          <unsubscribe>dkpro-core-user+unsubscribe@googlegroups.com</unsubscribe>
          <post>dkpro-core-user@googlegroups.com</post>
          <archive>https://groups.google.com/forum/#!forum/dkpro-core-user</archive>
        </mailingListInfo>
        <mailingListInfo>
          <mailingListName>DKPro Core developer mailing list</mailingListName>
          <subscribe>dkpro-core-developers+subscribe@googlegroups.com</subscribe>
          <unsubscribe>dkpro-core-developers+unsubscribe@googlegroups.com</unsubscribe>
          <post>dkpro-core-developers@googlegroups.com</post>
          <archive>https://groups.google.com/forum/#!forum/dkpro-core-developers</archive>
        </mailingListInfo>
      </mailingLists>
    </contactInfo>
    <versionInfo>
      <version>1.9.0-SNAPSHOT</version>
    </versionInfo>
    <componentCreationInfo>
      <framework>DKPro Core (UIMA)</framework>
    </componentCreationInfo>
    <componentDocumentationInfo>
      <issueTracker>https://github.com/dkpro/dkpro-core/issues</issueTracker>
    </componentDocumentationInfo>
    <distributionInfos>
      <componentDistributionInfo>
        <componentDistributionMedium>sourceCode</componentDistributionMedium>
        <downloadURLs>
          <downloadURL>scm:git:git://github.com/dkpro/dkpro-core</downloadURL>
          <downloadURL>scm:git:git@github.com:dkpro/dkpro-core.git</downloadURL>
        </downloadURLs>
        <accessURLs>
          <accessURL>https://github.com/dkpro/dkpro-core</accessURL>
        </accessURLs>
        <rightsInfo>
          <licenseInfos>
            <licenceInfo>
              <license>Apache License Version 2.0</license>
              <nonStandardLicenceTermsURL>http://www.apache.org/licenses/LICENSE-2.0.txt</nonStandardLicenceTermsURL>
            </licenceInfo>
          </licenseInfos>
        </rightsInfo>
      </componentDistributionInfo>
    </distributionInfos>
  </componentInfo>
  <organizationInfo>
    <organizationNames>
      <organizationName>Ubiquitous Knowledge Processing (UKP) Lab, Technische Universität Darmstadt</organizationName>
    </organizationNames>
    <communicationInfo>
      <homepages>
        <homepage>https://www.ukp.tu-darmstadt.de/</homepage>
      </homepages>
    </communicationInfo>
  </organizationInfo>
</componentMetadataRecord>
